name	exact_address	store_features	signature_menu	menu_features	sold_out_info	waiting_system	has_dine_in	positive_reviews	negative_review	review_links	comparisons	latitude	longitude
코끼리베이글	서울특별시 영등포구 선유로 176 1층	참나무 장작 화덕에서 구워내는 정통 화덕 베이글	버터솔트 베이글, 크림치즈 생크림 베이글	화덕에서 구워내어 겉은 질깃바삭하고 속은 떡처럼 쫄깃한 식감	오전 10~11시경 샌드위치류 외 대부분 품절	오전 8시 반 오픈 전부터 현장 줄서기 (웨이팅 극상)	true	화덕 불향이 살짝 나면서 미친듯한 쫄깃함|라떼가 베이글만큼이나 맛있음|크림치즈생크림이 달지 않아 좋음	아침 일찍 가지 않으면 기본 베이글은 구경도 못 함	https://www.youtube.com/results?search_query=코끼리베이글+오픈런	런던베이글뮤지엄|식감|런베뮤보다 밀도가 촘촘하고 정통 하드 계열에 가까운 질깃함
자연도소금빵 성수	서울특별시 성동구 연무장길 56 1층	오직 소금빵 단일 메뉴만 판매. 4개 한 세트 포장 전문	자연도 소금빵 세트	프랑스산 버터가 듬뿍 들어가 밑바닥이 튀겨지듯 바삭하고 극강의 고소함	하루 4번 빵 나오는 시간마다 한정 수량 판매 후 품절	키오스크 결제 후 번호표 대기 (줄이 길지만 회전율 빠름)	false	패키지가 너무 예뻐서 선물하기 좋음|버터동굴이 크고 밑바닥이 미친듯이 바삭함|단일메뉴라 전문성이 느껴짐	버터가 너무 많이 들어가서 2개 이상 먹으면 느끼함	https://www.instagram.com/explore/tags/자연도소금빵/	베통|기름짐|베통보다 기름기가 많고 풍미가 자극적이며 헤비한 편
과자방	서울특별시 마포구 백범로 152 1층	전문 제빵 유튜버들이 극찬하는 구움과자(마들렌, 휘낭시에) 전문점	플레인 마들렌, 소금초코 휘낭시에	겉은 빠작하고 속은 촉촉한 휘낭시에의 정석. 풍미 짙은 발효버터 사용	오후 늦게 방문 시 인기 구움과자 품절	현장 방문 (주말 오후 웨이팅 발생)	true	선물 세트로 구매하기 최고|마들렌 식감이 퍽퍽하지 않고 촉촉함|휘낭시에 얼먹하면 쫀득함이 배가 됨	구움과자 크기 대비 가격이 조금 비싼 편	https://www.youtube.com/results?search_query=마포+과자방	메종엠오|구움과자|메종엠오와 견줄 만한 퀄리티이나 조금 더 친숙하고 다양한 맛
퍼먼트	서울특별시 성동구 서울숲2길 37 1층	서울숲 나들이 필수 코스. 천연 발효종을 사용한 하드빵과 페이스트리 전문	무화과 크림치즈 바게트, 퀸아망	질기지 않은 바삭한 바게트 안에 달콤한 무화과와 크림치즈가 듬뿍	주말 오후 4시 이후 주요 빵 품절	현장 대기 (내부 취식석 경쟁 치열)	true	바게트가 입천장 안 까지고 고소함|서울숲 바로 앞이라 픽업해서 피크닉 가기 좋음|퀸아망 결이 살아있음	주말엔 사람이 너무 많고 시끄러워서 매장 내 취식이 불편함	https://search.naver.com/search.naver?query=성수+퍼먼트+오픈런	꼼다비뛰드|바게트|꼼다비뛰드보다 덜 딱딱하고 대중적으로 씹기 편한 바게트 식감
문스오븐	경기도 안산시 단원구 광덕대로 168 1층	안산 지역 웨이팅 대장 빵집. 뛰어난 가성비의 식사빵	올리브 치아바타, 크루아상	기공이 크게 열려있어 퐁신퐁신한 치아바타와 담백한 맛	오픈 후 2~3시간 내 완전 매진	오픈 전부터 현장 오픈런 줄서기 필수	false	이 가격에 이 퀄리티의 치아바타라니 갓성비|올리브가 쏟아질 듯이 들어있음|크루아상 버터 향이 좋음	평일에도 오픈런 안하면 구경조차 못해서 사기가 너무 힘듦	https://www.youtube.com/results?search_query=안산+문스오븐+오픈런	수더분|식사빵|수더분에 비해 산미가 적고 훨씬 대중적이고 부드러운 맛
안동 맘모스베이커리	경상북도 안동시 문화광장길 34	미슐랭 가이드에 소개된 전국 3대 빵집 중 하나	크림치즈빵, 유자파운드	말랑하고 쫀득한 하얀 빵 속에 진하고 새콤달콤한 크림치즈가 가득	크림치즈빵은 수시로 채워지나 주말 저녁엔 매진	현장 대기 (회전율 매우 빠름)	true	크림치즈빵 갓 나왔을 때 먹으면 눈물남|유자파운드가 선물용으로 최고|빵피가 아기 궁둥이처럼 부드러움	크림치즈빵 외에 다른 빵들은 평범한 동네 빵집 수준임	https://search.naver.com/search.naver?query=안동+맘모스베이커리+웨이팅	성심당|지역명물|성심당처럼 메뉴가 다양하진 않고 시그니처 원툴에 가까움
아베베베이커리	제주특별자치도 제주시 동문로6길 4	제주도 특산물을 넣은 크림 도넛으로 대히트를 친 전국구 핫플	우도 땅콩 크림 도넛, 오메기떡 쑥 크림빵	얇은 도넛 피 안에 떡과 제주 특산물 크림이 꽉 차 있어 묵직함	오후 늦게 일부 인기 메뉴 품절	현장 대기 (웨이팅 줄이 시장 밖까지 이어짐)	false	안에 떡이 들어있어서 쫄깃하고 배부름|크림 양이 압도적|제주 여행 선물로 최고	시장에 있어서 대기 환경이 번잡하고, 크림이 물림	https://www.instagram.com/explore/tags/아베베베이커리/	노티드도넛|도넛|노티드에 비해 훨씬 크기가 크고, 떡이 들어있어 쫀득하며 한국적인 맛
런던베이글뮤지엄 도산점	서울특별시 강남구 언주로168길 33 1, 2층	영국 감성의 베이글 전문점, 엄청난 대기열과 사진 찍기 좋은 인테리어	쪽파 갈릭 크림치즈 베이글, 감자 치즈 베이글	정통 베이글보다는 한국식으로 쫄깃하고 부드럽게 재해석된 식감	오후 4시 이후 대부분의 베이글 품절	캐치테이블 원격 줄서기 (웨이팅 난이도 최상)	true	베이글이 질기지 않고 떡처럼 쫄깃해서 맛있어요|매장 컨셉이 독보적입니다|크림치즈가 풍성해요	정통 베이글 매니아들에게는 너무 달고 빵 같은 식감일 수 있어요	https://www.youtube.com/results?search_query=런던베이글뮤지엄+오픈런	코끼리베이글|대중성|코끼리베이글보다 대중적이고 달콤한 디저트 느낌이 강함
메종엠오	서울특별시 서초구 방배로26길 22 1층	국내 최고 수준의 프랑스 정통 구움과자 및 파티스리	마들렌, 몽블랑	섬세하고 우아한 식감과 완벽한 밸런스를 자랑하는 하이엔드 디저트	오전 방문하지 않으면 인기 갸또와 마들렌 품절	오픈 전 현장 줄서기	true	마들렌의 배꼽과 촉촉함이 완벽합니다|디저트 하나하나가 예술작품 같아요|은은한 향이 고급스러워요	가격대가 꽤 높은 편입니다	https://search.naver.com/search.naver?query=방배동+메종엠오	과자방|섬세함|과자방보다 향신료와 재료의 레이어가 더 복합적이고 섬세함
이성당	전북특별자치도 군산시 중앙로 177	대한민국 현존 가장 오래된 빵집 (1945년 오픈)	단팥빵, 야채빵	얇은 쌀가루 빵피 안에 팥앙금과 아삭한 채소가 가득 들어간 클래식	하루 종일 빵이 나오나, 주말 오후 늦게는 품절	단팥빵/야채빵 전용 대기줄 운용 (현장 대기)	true	야채빵의 아삭거리는 식감이 중독성 있어요|세월이 지나도 변하지 않는 추억의 맛|쌀빵이라 소화가 잘 돼요	줄이 너무 길어서 빵 사는 데만 한참 걸립니다	https://www.youtube.com/results?search_query=군산+이성당	성심당|역사/클래식|성심당(튀소)에 비해 훨씬 담백하고 기름기 없는 전통적인 맛
카페 노티드 청담	서울특별시 강남구 도산대로53길 15 1층	대한민국 프리미엄 도넛 열풍을 일으킨 주역	우유 생크림 도넛, 클래식 바닐라 도넛	입에서 사르르 녹는 폭신한 빵피와 전혀 느끼하지 않은 산뜻한 크림	주말 늦은 오후 인기 도넛 품절	현장 방문 및 카카오톡 예약 픽업	true	우유 크림이 하나도 안 달고 너무 부드러워요|패키지가 귀여워서 선물하기 좋습니다|빵피가 구름 같아요	예전만큼 줄 서서 먹을 특별한 맛은 아닌 것 같아요	https://www.youtube.com/results?search_query=노티드도넛	아베베베이커리|도넛|아베베에 비해 크림이 가볍고 서양식 오리지널 도넛 식감에 가까움
소울브레드	서울 서초구 바우뫼로7길 27	무반죽법과 천연 발효종을 사용해 손으로 직접 반죽하는 사워도우 전문점. 글루텐을 최소화해 소화가 잘됨.	생크치 (생크림+크림치즈 샌드위치)	제철 과일과 크림치즈의 조화, 단단하고 고소한 치아바타/프레즐과 크림의 궁합. 와사비 크림치즈 바게트 샌드위치도 인기.	당일 재료 소진 시 조기 마감 (예약 권장)	생크치는 현장 제작으로 주문 후 대기 발생, 인기 많아 오픈런 권장. 예약 가능.	false	빵이 소화가 잘되고 먹고 나서 속이 편안해요|생크치 크림치즈가 전혀 달지 않고 원재료 맛이 진해요|무반죽 빵의 쫄깃하고 담백한 식감이 예술입니다	예약하지 않으면 빵을 사기가 매우 어렵고 대기 시간이 길 수 있습니다.	https://blog.naver.com/kjna2000|https://blog.naver.com/abnom|https://blog.naver.com/lnovek2014	안동 맘모스베이커리|크림치즈|맘모스의 크림치즈빵은 부드러운 빵피와 달콤한 맛인 반면, 소울브레드의 생크치는 하드빵과 원물 본연의 진한 치즈 맛에 집중함	37.4713585	127.0242925
르뱅룰즈 선릉점	서울 강남구 삼성로95길 27	프랑스 빵집 느낌의 유럽풍 감성, 자연발효종 르뱅 사워도우 전문점	잠봉뵈르, 무화과 크림치즈 바게트	바게트와 잠봉뵈르 샌드위치의 탄탄한 기본기, 바삭한 바게트와 짭짤한 잠봉 햄의 조화	인기 매장이므로 오후 늦게 방문 시 주요 식사빵 품절	테이크아웃 손님이 많으며 점심시간대 대기 발생	true	잠봉뵈르 샌드위치의 바게트 식감이 예술입니다|건강하고 담백한 식사빵이라 매일 먹어도 부담 없어요|유럽에 온 듯한 야외 테라스 분위기가 너무 좋습니다	빵 가격이 꽤 높고 매장 내부가 협소해 테이크아웃이 편합니다.	https://blog.naver.com/net01207790|https://blog.naver.com/kooong2022/224262245372|https://blog.naver.com/dgsj_hyene/224268806718	수더분|식사빵|수더분이 묵직하고 거친 사워도우 중심이라면, 르뱅룰즈는 프렌치 바게트와 잠봉뵈르 중심의 유러피안 식사빵	37.5074197	127.0537062
에삐 선릉본점	서울 강남구 선릉로 518	일본식 제과제빵 달인이 만드는 정통 베이커리. 생활의 달인 출연	몽블랑, 명란 바게트	겉은 바삭하고 속은 촉촉한 페이스트리 결을 자랑하는 몽블랑과 짭짤고소한 명란	저녁 퇴근 시간대 인기 빵 소진	워크인 구매 가능	false	몽블랑의 결이 하나하나 살아있고 버터 풍미가 진해요|명란 바게트가 비리지 않고 짭짤해서 맥주 안주로 최고입니다|모든 빵이 기본기가 탄탄하고 맛있어요	매장이 좁아 손님이 몰릴 때 빵을 고르기가 다소 불편합니다.	https://blog.naver.com/cerdos|https://blog.naver.com/waterbxxn/224132980786|https://blog.naver.com/nuyh__a/224257592997	김영모과자점|몽블랑|김영모과자점의 몽블랑이 달콤한 시럽 맛과 큼직한 크기라면, 에삐는 조금 더 섬세하고 바삭한 페이스트리 결을 살림	37.50584	127.04859
담밀	경기 화성시 효행구 상리1길 167	화성 봉담의 숨은 동네 베이커리, 건강한 식사빵과 구움과자 중심	올리브 치아바타, 소금빵	담백하고 쫄깃한 치아바타와 고소한 버터 풍미의 소금빵	빵 생산량이 적어 늦은 오후 품절 가능성 높음	원활한 동네 빵집	true	동네에 이런 퀄리티의 빵집이 생겨서 너무 좋습니다|소금빵 밑바닥이 바삭하고 버터홀이 제대로예요|식사 대용으로 먹기 편안하고 담백합니다	빵 종류가 대형 베이커리에 비해 다양하지 않아 선택의 폭이 좁습니다.	https://blog.naver.com/daisyily/224234153856|https://blog.naver.com/chori920/224249965825	블랑제리 르가르쏭|동네빵집|르가르쏭이 호수공원 뷰와 대형 카페의 화려함이라면, 담밀은 작지만 내실 있는 담백한 동네 식사빵 전문	37.2330846	126.9421773
미힐	대구 남구 중앙대로49길 49	대명동 계대 앞, '사장님 마음대로' 샌드위치 등 건강한 빵을 선보이는 동네 베이커리 카페	사과 루꼴라 샌드위치, 사워도우	신선한 사과와 치즈, 루꼴라가 들어간 건강하고 아삭한 샌드위치	당일 빵 수량 한정, 인스타 DM으로 수량 확인 필요	방문 전 DM 예약 권장	true	건강하고 신선한 재료의 조합이 훌륭한 샌드위치입니다|동네의 작고 조용한 분위기가 마음에 들어요|빵 자체가 담백해서 속이 편합니다	빵 수량이 적고 인스타그램 실시간 소통이 원활하지 않을 때가 있습니다.	https://blog.naver.com/rlacodus0412/224160751159|https://blog.naver.com/ming__zi|https://blog.naver.com/eun22un	윈드윈|샌드위치|윈드윈이 웨이팅 극악의 화려하고 터질듯한 샌드위치라면, 미힐은 작고 소박한 감성의 건강한 샌드위치	35.8553033	128.58775
랑잠	대구 수성구 수성로15길 12-1	AOP 인증 레스큐어 버터와 소금집 잠봉 햄을 사용하는 수성구 잠봉뵈르 맛집	바게트 잠봉뵈르, 치아바타 잠봉뵈르	겉이 바삭하고 단단한 하드 바게트와 짭짤한 잠봉 햄, 고소한 버터의 조화	인기 샌드위치류는 점심시간 전후로 품절	픽업 및 점심시간 현장 대기	true	대구 최고의 잠봉뵈르 맛집으로 인정합니다|버터와 햄의 퀄리티가 압도적입니다|입천장이 까져도 포기할 수 없는 바삭하고 고소한 바게트입니다	바게트가 꽤 딱딱한 편이라 부드러운 빵을 선호하면 먹기 힘들 수 있습니다.	https://blog.naver.com/idgeneral|https://blog.naver.com/idgeneral/224016057502|https://blog.naver.com/bussin_/223512131530	르뱅룰즈|잠봉뵈르|르뱅룰즈와 비슷한 정통 바게트 베이스이나 랑잠은 소금집 잠봉 햄의 짭짤함을 강조하며 치아바타 옵션을 제공함	35.8330108	128.6103879
윈드윈	대구 중구 달구벌대로405길 42	대구에서 가장 웨이팅이 심한 빵지순례 필수 코스, 가성비와 맛을 모두 잡은 곳	리코타 치즈 샌드위치, 가지 샌드위치	속재료가 터질 듯이 꽉 차 있는 압도적 비주얼과 신선한 리코타 치즈의 조화	오전 8시 오픈 전부터 줄서며, 오전 중 주요 샌드위치 조기 완판	오픈런 필수 (평일/주말 불문 1시간 이상 웨이팅)	false	인생 샌드위치입니다, 속재료가 정말 아낌없이 들어있어요|가성비가 미쳤고 빵과 내용물의 조화가 완벽합니다|리코타 치즈의 풍미가 서울 유명 빵집을 능가합니다	웨이팅이 너무 길어 주말에는 사실상 구매하기가 매우 힘듭니다.	https://blog.naver.com/sim123__|https://blog.naver.com/o__0___0|https://blog.naver.com/drawingirls	런던베이글뮤지엄|웨이팅 및 속재료|런던베이글뮤지엄의 화려함과 비견될 만한 윈드윈만의 압도적인 샌드위치 가성비와 극강의 웨이팅 난이도	35.8672238	128.5839598
퀸즈베이커리 삼청점	서울 종로구 북촌로5길 56	삼청동 한옥마을 뷰를 감상할 수 있는 한옥 개조 대형 베이커리 카페 (유럽풍+한국적 조화)	앙버터 소금빵, 대파 크림 베이글	겉바속촉 소금빵 안에 달콤한 팥앙금과 버터의 단짠 조화, 매장에서 직접 굽는 프렌치 스타일 빵	주말 피크 타임 일부 메뉴 품절	대형 카페로 좌석 여유로우나 주말 점심 붐빔	true	2층 테라스에서 바라보는 북촌 한옥 뷰가 예술입니다|앙버터 소금빵의 단짠 조화가 너무 훌륭해요|공간이 넓고 인테리어가 예뻐 데이트 코스로 최고입니다	관광지 상권에 위치해 빵과 음료 가격이 비싼 편입니다.	https://blog.naver.com/stopgo20|https://blog.naver.com/maengslife|https://blog.naver.com/quiipen	퍼먼트|분위기|퍼먼트가 힙한 성수동 감성이라면, 퀸즈베이커리는 고즈넉한 한옥 기와 뷰를 즐기는 대형 카페	37.5799089	126.981921
프루케 생과일케이크 본점	경기 화성시 동탄구 동탄대로 587	화성 동탄의 생과일 케이크 전문점이자 머랭 기반 파블로바 맛집	과일 파블로바, 제철 생과일 케이크	바삭하고 쫀득한 머랭 베이스 위에 신선한 과일이 미친듯이 폭탄처럼 쌓여 있는 비주얼	당일 생산 케이크 예약 소진 시 조기 마감	홀 테이블 적음, 사전 예약 권장	true	과일 양이 정말 미쳐서 케이크가 아니라 과일 바구니 같아요|파블로바의 쫀득바삭한 식감이 신선합니다|기념일 케이크로 비주얼과 맛 모두 완벽해요	파블로바 특성상 시간이 지나면 눅눅해져 빨리 먹어야 하며 보관이 까다롭습니다.	https://blog.naver.com/so_young666/224232689656|https://blog.naver.com/dabok_ee|https://blog.naver.com/imurchu	메종엠오|디저트|메종엠오가 클래식한 프렌치 구움과자의 정석이라면, 프루케는 압도적인 비주얼의 호주식 생과일 파블로바 중심	37.2061505	127.0984851
동경빵집	경기 화성시 동탄구 동탄광역환승로 73	매일 아침 직접 구워내는 동탄 주민들이 사랑하는 작고 정감 있는 동네 빵집	에그머니 샌드위치, 소금빵	엄마가 만들어 준 것 같은 푸짐하고 부드러운 샌드위치와 버터 풍미 진한 소금빵	에그머니 샌드위치는 조기 품절이 잦음	포장 위주로 대기열은 적음	false	에그머니 샌드위치가 정말 부드럽고 속이 든든해요|사장님이 친절하시고 동네 빵집만의 정이 느껴집니다|기본 빵들이 저렴하면서도 퀄리티가 훌륭합니다	규모가 작아 빵 라인업이 화려하지 않고 앉아서 먹을 공간이 없습니다.	https://blog.naver.com/asj0707nn/223703588702|https://blog.naver.com/hsview/223943806889|https://blog.naver.com/seuld-	이성당|동네빵집|이성당처럼 친숙한 클래식 빵의 매력을 지녔으며 샌드위치의 가성비가 돋보임	37.2024202	127.0900135
메종드빵	대구 북구 동천로 87	제빵 기능장/국가대표 출신 사장님이 운영하는 칠곡의 유기농 밀가루 건강빵 맛집	두바이 소금빵, 딸기 듬뿍 케이크	트렌디한 재료를 살린 비주얼 좋은 빵과 속이 편안한 천연 효모빵	저녁 시간대 조기 매진	포장 손님 위주로 원활하나 늦게 가면 빵 없음	false	딸기 케이크 비주얼이 압도적이고 크림이 느끼하지 않아요|국가대표 제빵사의 빵이라 그런지 속이 너무 편안합니다|두바이 소금빵 등 트렌디한 메뉴가 많아 좋아요	가격대가 꽤 높고 매장에 취식 공간이 없어 아쉽습니다.	https://blog.naver.com/shsy5970|https://blog.naver.com/aram370|https://blog.naver.com/jandn_/223494788047	아베베베이커리|트렌디함|아베베베이커리가 묵직한 크림과 떡의 조화라면, 메종드빵은 기능장의 기본기에 트렌디한 부재료를 더한 프리미엄 동네 빵집	35.9394457	128.5599986
마사마드레	서울 종로구 자하문로7길 68-3	아늑하고 따뜻한 분위기의 붉은색 건물 지하 베이커리 맛집. 2024 블루리본 서베이 등재.	사과와 햄 샌드위치, 어니언 잠봉뵈르	신선한 사과, 사과잼, 치즈, 햄의 조화. 재료가 풍성하고 크기가 커서 한 끼 식사로도 든든함.	당일 재료 소진 시 조기 마감	워크인 구매	true	사과와 햄 샌드위치의 단짠 조화가 너무 훌륭해요|어니언 잠봉뵈르에 버터와 생양파가 들어가 색다른 맛입니다|샌드위치 크기가 커서 든든하고 브런치로 딱 좋아요	샌드위치가 너무 커서 매장에 나이프가 없으면 먹기 조금 불편합니다.	https://blog.naver.com/alwayshappy-b/224113398382|https://blog.naver.com/yunae22/224225901655|https://blog.naver.com/sosominbi	소금집델리|잠봉뵈르|소금집델리가 정통 짭짤한 잠봉 햄에 집중한다면, 마사마드레는 생양파와 풍성한 채소 등 다채로운 부재료를 활용한 샌드위치	37.5804345	126.9691233
고미베이커에프앤비	경기 수원시 권선구 경수대로 224	수원 권선동에 위치한 정겨운 동네 빵집 스타일의 베이커리	단팥빵, 소보로빵	기본에 충실한 클래식한 빵 메뉴로 남녀노소 즐기기 좋은 맛	인기 빵은 오후 시간대 품절 가능	동네 상권으로 웨이팅 적음	false	가성비가 좋고 빵 크기가 커서 든든합니다|어릴 때 먹던 추억의 빵 맛 그대로예요|사장님이 친절하고 아침 식사 대용으로 먹기 편안합니다	대형 베이커리 카페에 비해 세련되거나 트렌디한 메뉴는 부족한 편입니다.	https://blog.naver.com/hyojin0221/224244424585|https://blog.naver.com/jyisam|https://blog.naver.com/gusdk00215	수원의아침|클래식 빵|수원의아침이 대형 베이커리 카페의 규모를 갖췄다면, 고미베이커에프앤비는 작고 친숙한 동네 빵집의 기본기를 지님	37.2471151	127.0180507
도나의식탁	경기 화성시 효행구 효행로265번길 17	아담하고 깔끔한 분위기의 브런치 겸 베이커리를 제공하는 공간	소금빵, 식빵	부드러운 식감과 고소한 버터 풍미를 살린 기본 식사빵 류	생산량이 적어 주말 오후 조기 품절	예약 방문 및 포장 손님 위주	true	빵이 담백해서 샌드위치 만들어 먹기 너무 좋아요|조용하고 깔끔한 매장 분위기가 마음에 듭니다|소금빵 겉바속촉 밸런스가 아주 좋습니다	메뉴가 한정적이고 일찍 품절되어 늦게 가면 살 수 있는 빵이 없습니다.	https://blog.naver.com/misuniy/224211866533|https://blog.naver.com/kyeuni96/223772234691|https://blog.naver.com/cucumberslife	혜경궁베이커리|규모와 메뉴|혜경궁베이커리가 거대한 한옥과 화려한 빵 종류를 자랑한다면, 도나의식탁은 작고 소박한 브런치 식사빵에 집중함	37.2251295	126.9732107
폴디드	경기 평택시 세교4로 13	평택 세교동의 페이스트리 전문 테이크아웃 베이커리. 금, 토, 일 오전에만 영업	아몬드 크루아상, 퀸아망	겹겹이 바삭한 페이스트리 결이 살아있고 버터 풍미가 짙은 메뉴	오픈 직후 빠르게 품절되어 오픈런 필수	오전 9시 오픈 전부터 현장 웨이팅	false	아몬드 크루아상과 뺑스위스 결이 정말 예술입니다|바삭하고 고소해서 두 시간 기다려서 살 만한 가치가 있어요|평택 최고의 페이스트리 맛집입니다	영업일이 짧고 웨이팅이 길어 구매 난이도가 너무 높습니다.	https://blog.naver.com/elly-j/223655449539|https://blog.naver.com/aliseon|https://blog.naver.com/ju23h	아우어베이커리|페이스트리|아우어베이커리가 트렌디한 초코 페이스트리를 대중화했다면, 폴디드는 주말 한정 오픈런으로 극강의 바삭함을 제공하는 로컬 맛집	37.0058309	127.0856426
NNN BAKERY	충남 서산시 동헌로 83	구자홍 셰프가 운영하며, 천연 발효종과 노르망디 버터 등 고급 재료를 사용하는 서산 유명 빵집	소금빵, 크루아상	자극적이지 않고 매일 먹을 수 있는 기본에 충실하고 소화가 잘 되는 식사빵	인기가 많아 조기 품절 잦음 (전화/인스타 예약 추천)	포장 위주의 좁은 매장, 피크 타임 웨이팅 발생	false	기본기가 탄탄해서 매일 먹어도 질리지 않아요|라즈베리 크루아상 상큼하고 너무 맛있습니다|좋은 재료를 써서 속이 편안해요	매장이 아담하여 내부에 대기하거나 취식할 공간이 부족합니다.	https://blog.naver.com/happy9_6/224278197323|https://blog.naver.com/rlatnwl0608|https://blog.naver.com/daengnyang1018/224242753655	성심당|가성비 식사빵|성심당이 튀김소보로 등 화려한 시그니처 빵으로 유명하다면, NNN은 크루아상과 바게트 등 매일 먹기 좋은 유럽식 식사빵 기본기에 집중함	36.77693	126.4526488
블랑제리 르가르쏭	경기 화성시 동탄구 동탄순환대로3길 28-6	동탄호수공원 풍경을 감상할 수 있는 분위기 좋은 대형 베이커리 카페	치아바타, 페이스트리 류	다양한 종류의 빵과 크리스마스 등 시즌 분위기를 낸 화려한 디스플레이	주말 오후 시간대 인기 빵 소진	대형 카페로 좌석이 많으나 주말 창가석 웨이팅	true	동탄호수공원 뷰가 탁 트여서 정말 아름답습니다|화학 첨가제를 안 써서 그런지 빵이 건강하고 맛있어요|크리스마스 분위기 등 인테리어가 훌륭합니다	빵 종류에 비해 음료 라인업이 다소 부실한 느낌이 있습니다.	https://blog.naver.com/gorgeousyj|https://blog.naver.com/9oowol/224297217258|https://blog.naver.com/119jayong	포근 베이커리|동탄 대형 카페|포근 베이커리가 넓은 주차장과 압도적 규모에 집중한다면, 르가르쏭은 동탄호수공원의 수변 뷰 감상에 최적화됨	37.1670932	127.095945
라라베이커리	경기 수원시 권선구 동수원로 232	두바이 초콜릿과 두바이 쫀득 쿠키(두쫀쿠)로 수원에서 가장 핫한 디저트 빵집	두바이 쫀득쿠키, 버터떡	두바이 초콜릿 특유의 피스타치오 맛과 바삭한 식감을 한국식 디저트와 결합	초인기 메뉴로 빠른 시간 내 완판	평일 저녁에도 웨이팅이 있을 정도로 핫함	false	두바이 쫀득 쿠키의 식감이 정말 미쳤습니다|버터떡이 쫄깃하고 달콤해서 계속 들어가요|수원에서 두바이 초콜릿 디저트를 가장 잘 구현한 곳입니다	오픈런을 하지 않으면 인기 메뉴는 구경조차 하기 힘듭니다.	https://blog.naver.com/yseslly/224189753350|https://blog.naver.com/ariari15|https://blog.naver.com/ny500216/224135199922	이웃집통통이|트렌디 디저트|이웃집통통이가 약과 쿠키 등 편의점 협업으로 유명하다면, 라라베이커리는 두바이 초콜릿 열풍을 오프라인에서 가장 트렌디하게 이끄는 빵집	37.2474697	127.0503626
허대빵	부산 부산진구 서전로37번길 26	부산 전포동 빵지순례 필수 코스. 쫀득한 빵피와 터질듯한 크림치즈 속재료로 유명한 포장 전문점	모찌빵, 베이글 산도	얇고 쫀득한 모찌 빵피 안에 피스타치오, 라즈베리 등 묵직한 크림치즈가 폭탄처럼 들어감	수량 한정 예약 가능, 현장 구매분은 오후 완판	웨이팅이 매우 김	false	빵피가 얇고 쫀득해서 떡과 빵의 경계 같아요|크림치즈가 아낌없이 들어가 있어서 가성비가 훌륭합니다|냉동실에 얼려 먹으면 아이스크림 같아서 더 맛있어요	크림치즈 양이 워낙 많아 사람에 따라 다소 느끼하거나 산미가 강하게 느껴질 수 있습니다.	https://blog.naver.com/sumperry|https://blog.naver.com/hun2___/224032399633|https://blog.naver.com/doingme/223516109836	어글리베이커리|크림빵|어글리베이커리가 거친 사워도우와 크림의 조화라면, 허대빵은 극강의 쫀득한 빵피와 치즈케이크 같은 밀도 높은 크림치즈 샌딩이 특징	35.1568882	129.0650271
파이인더샵 용산점	서울 용산구 한강대로52길 17-11	용리단길의 핫플레이스. 루프탑과 우드 톤의 힙한 인테리어를 갖춘 대형 파이 전문 카페	말차 마카다미아 파이, PIE 라떼	바삭한 파이지 위에 화려하고 달콤한 크림과 토핑을 듬뿍 올린 시각적인 디저트	주말 오후 인기 파이 및 케이크 매진	주말에는 매장 대기 및 좌석 확보를 위한 눈치싸움 심함	true	파이 비주얼이 너무 예뻐서 먹기 아까울 정도예요|루프탑과 우드톤 인테리어 분위기가 사진 찍기 너무 좋습니다|파이 라떼의 고소함과 파이의 달콤함이 환상적입니다	테이블 간격이 좁고 사람이 너무 많아 대화하기 시끄럽습니다.	https://blog.naver.com/nadaumii/223519296307|https://blog.naver.com/livorrrr|https://blog.naver.com/thank2008/223591223852	진저베어|파이 전문점|진저베어가 고기 파이 등 영국식 미트파이 중심이라면, 파이인더샵은 화려한 비주얼의 달콤한 디저트 케이크 파이가 주력임	37.5325555	126.9725131
투떰즈업	서울 마포구 월드컵로19길 71	망원동 최고의 웨이팅 맛집. 맘모스빵과 쌀베이글 샌드위치로 할매 입맛을 저격하는 빵지순례 명소	밤모스, 쌀베이글 샌드위치	재료를 아끼지 않은 묵직한 무게감과 견과류, 밤, 팥 등이 듬뿍 들어간 압도적 속재료	오픈 직후 순식간에 매진됨 (택배 주문도 경쟁 치열)	오픈런 필수 및 캐치테이블 웨이팅 등록 방식 운영	false	빵이 무거울 정도로 속재료가 미친듯이 꽉 차 있습니다|밤모스는 할매 입맛인 저에게 인생 빵입니다|쌀베이글이라 쫀득하고 속도 편안해요	웨이팅이 극악이며 택배 티켓팅도 너무 치열해 먹기가 별따기입니다.	https://blog.naver.com/jeeepark__|https://blog.naver.com/specialad/224274279780|https://blog.naver.com/syp9	장블랑제리|맘모스빵|장블랑제리가 가성비 좋고 클래식한 옛날 맘모스빵의 정석이라면, 투떰즈업은 흑임자 등 현대적인 트렌드 재료를 믹스한 프리미엄 맘모스 샌드	37.554922	126.9048319
솔트앤멜로우 동탄직영점	경기 화성시 동탄대로시범길 146	프리미엄 생식빵과 소금빵을 전문으로 하며, 빵 나오는 시간에 맞춰 갓 구운 빵을 제공하는 베이커리	프리미엄 생식빵, 소금빵	부드럽고 쫄깃한 결이 살아있는 식빵과 버터 풍미 가득한 소금빵 베이스	빵 나오는 시간에 맞춰 빠르게 소진됨	포장 위주 매장	false	갓 구워 나온 식빵의 쫄깃함이 남다릅니다|소금빵 겉바속촉 밸런스가 뛰어나요|빵 나오는 시간이 정해져 있어 신선한 빵을 먹을 수 있어 좋습니다	인기가 많아 빵 나오는 시간에 맞추지 않으면 원하는 빵을 구하기 어렵습니다.	https://blog.naver.com/angrypoop|https://blog.naver.com/so_zer0/224140060489|https://blog.naver.com/mukkchung	밀도|생식빵|밀도가 전국구 백화점 입점을 통한 큐브 식빵의 대명사라면, 솔트앤멜로우는 동탄 지역 주민들의 갓 구운 생식빵과 소금빵 로컬 맛집	37.2003439	127.1131432
블랑제리 드 빌라주	경기 성남시 분당구 중앙공원로40번길 4	내 집 앞에서 만나는 프랑스 빵집을 모티브로 한 분당 서현동 베이커리. 천연 발효종 르방을 이용해 장시간 저온 숙성함.	쇼숑 오 시트롱, 바게트	패스츄리류는 바삭하고 고소하며 하드빵은 겉은 단단하고 속은 촉촉한 프랑스식 식감을 완벽히 구현	주말 아침 인기 패스츄리류 빠른 소진	주말 아침 시간대 현장 웨이팅	true	쇼숑 오 시트롱의 상큼함과 패스츄리의 바삭함이 최고예요|바게트가 겉은 질기지 않고 속은 쫄깃해서 식사빵으로 완벽합니다|천연 발효종이라 그런지 먹고 나서 속이 편안해요	매장이 협소하여 빵을 천천히 고르거나 내부에서 취식하기 어렵습니다.	https://blog.naver.com/lemon_gelato|https://blog.naver.com/brightin1558/224246710408|https://blog.naver.com/esther14/224089771163	기욤|프랑스식 빵|기욤이 마카롱과 디저트 위주의 화려한 프랑스식 카페라면, 블랑제리 드 빌라주는 식사빵과 패스츄리에 집중한 정통 동네 빵집	37.3804754	127.1296092
느긋한제빵소	경기 수원시 권선구 세권로 1	수원 권선동의 조용한 골목에 위치한 아담하고 정겨운 동네 빵집	소금빵, 밤식빵	첨가물을 최소화하고 기본에 충실하여 아이들도 안심하고 먹을 수 있는 부드러운 빵	소량 생산으로 늦은 오후 방문 시 메뉴 선택 폭 좁음	웨이팅 없음	false	동네 빵집인데 소금빵 버터 풍미가 대형 카페 못지않아요|아이들 간식으로 믿고 먹일 수 있어서 자주 갑니다|사장님이 친절하시고 빵 가격이 합리적입니다	메뉴 라인업이 고정적이고 트렌디한 신메뉴 출시는 적은 편입니다.	https://blog.naver.com/ansgksrla|https://blog.naver.com/tndus13543/223767373959|https://blog.naver.com/ansgksrla/224290031320	하얀풍차제과점|동네 빵집|하얀풍차제과점이 화이트롤 등 자극적이고 대중적인 빵으로 유명하다면, 느긋한제빵소는 자극적이지 않고 속이 편안한 기본 빵에 집중함	37.260155	127.0063432
다스브로트	경기 화성시 동탄감배산로 143	동탄 여울공원 앞 우드톤 인테리어. 독일에서 공부한 마이스터가 운영하는 정통 독일식 베이커리	100% 호밀빵, 프레첼	독일 정통 방식의 호밀빵과 담백한 깜빠뉴 등 건강한 식사빵 위주	주말 오후 인기 식사빵 매진 가능성 높음	주말 오전 창가석 웨이팅	true	호밀 100% 빵인데도 시큼한 맛이 기분 좋고 속이 아주 편안해요|독일에서 먹던 짭짤하고 쫄깃한 프레첼 맛 그대로입니다|동탄 여울공원 산책하고 브런치 먹기 완벽한 위치예요	호밀빵 특유의 산미에 익숙하지 않은 사람에게는 호불호가 갈릴 수 있습니다.	https://blog.naver.com/pui8150/224256259791|https://blog.naver.com/keylog-in/223695310094|https://blog.naver.com/ooooo2_2/223979417369	악소|독일식 빵|악소가 한남동에서 브룃헨 샌드위치로 유명하다면, 다스브로트는 동탄 여울공원 뷰와 함께 즐기는 100% 호밀빵과 프레첼의 정석	37.1985113	127.0883645
리브인오후	서울 마포구 망원로6길 65	따뜻한 우드톤 인테리어와 아기자기한 소품이 있는 망원동 치즈케이크 전문 디저트 카페	구황작물 치즈케이크, 피스타치오 보틀	쑥, 흑임자 베이스에 밤, 고구마 등 할매 입맛을 저격하는 꾸덕한 이색 치즈케이크	주말 인기 보틀 케이크 오후 조기 매진	망원동 핫플로 주말 피크타임 현장 대기 필수	true	구황작물 치즈케이크가 달지 않고 원물의 맛이 진해서 너무 맛있어요|피스타치오 보틀 케이크는 고소함이 폭발합니다|가게 분위기가 아늑해서 머무는 내내 기분이 좋아요	노키즈존으로 운영되며 주차 공간이 없어 차량 이용 시 매우 불편합니다.	https://blog.naver.com/77ro_diary/224227891072|https://blog.naver.com/doyedy1010/223813255930|https://blog.naver.com/gpdud2486/224004261373	바스크|치즈케이크|바스크가 겉을 태운 스페인식 바스크 치즈케이크의 정석이라면, 리브인오후는 구황작물 등 한국적인 재료를 믹스한 꾸덕한 보틀 치즈케이크 전문	37.5541478	126.9041972
핸즈베이커리	경기 화성시 동탄공원로3길 21	동탄 센트럴파크 인근에 위치한 아기자기하고 귀여운 외관의 동네 빵집	소금빵, 밤식빵	쫄깃하게 찢어지는 식감과 고소한 풍미를 잘 살린 기본 빵들이 주력	인기 식빵류는 늦은 오후 품절	대기 시간 거의 없음	false	소금빵 겉바속촉이 제대로고 버터홀이 살아있어요|빵들이 아기자기하게 생겼는데 맛도 기본 이상입니다|바게트나 건강빵도 쫄깃하고 맛있어요	매장 내부 취식 공간이 협소하여 포장 위주로만 이용해야 합니다.	https://blog.naver.com/journey_hk|https://blog.naver.com/tattarrattat/223680978579|https://blog.naver.com/suni1977/224088847836	본누벨베이커리|동네 빵집|본누벨베이커리가 거대한 빵 백화점 느낌이라면, 핸즈베이커리는 센트럴파크 산책길에 가볍게 들르기 좋은 귀여운 소규모 빵집	37.2082464	127.0612233
알곡점빵	경남 진주시 모덕로281번길 13	진주 중앙중학교 인근. 우리밀과 천연 발효종을 사용하여 건강한 식사빵을 만드는 로컬 베이커리	우리밀 사워도우, 바게트	첨가물 없이 물, 소금, 천연 발효종만 사용하여 소화가 잘 되고 담백한 맛의 식사빵	목/금/토 한정 운영되며 인기 빵 조기 소진됨	전국 스마트스토어 택배 주문 경쟁	false	우리밀로 만들어서 속이 정말 편안하고 씹을수록 고소해요|택배로 시켜서 냉동실에 쟁여두고 식사빵으로 먹기 최고입니다|사워도우 특유의 시큼한 풍미가 과하지 않고 담백합니다	일주일에 3일만 오프라인 매장을 열어서 직접 방문하여 구매하기 까다롭습니다.	https://blog.naver.com/wpdlqj0504/224104136960|https://blog.naver.com/heungmani2/224004119101|https://blog.naver.com/yabyab-9	우드앤브릭|사워도우 식사빵|우드앤브릭이 서울 도심에서 유럽 정통 사워도우를 대량 생산한다면, 알곡점빵은 진주 로컬에서 우리밀로 소량 생산하는 건강 빵집	35.1900922	128.1245885
쿠루미 과자점	부산 동래구 온천천로 71-1	블루리본을 다수 수상한 명륜역 인근 유명 빵집. 정갈한 일본풍의 디저트와 빵을 판매	쿠루미모찌, 빙수(여름)	팥과 호두가 듬뿍 들어간 쫄깃한 쿠루미모찌와 일본식 야끼소바빵 등 개성 있는 메뉴	주말 인기 메뉴(모찌, 야끼소바빵) 조기 마감	매장 혼잡 시 입구에서 인원 제한하여 순차 입장	false	쿠루미모찌의 쫄깃한 식감과 팥, 호두의 조화가 완벽합니다|여름에 파는 백빙수는 우유 얼음이 부드럽고 팥이 달지 않아 최고예요|명란바게트와 야끼소바빵 등 짭짤한 조리빵도 훌륭합니다	가게에 전용 주차장이 없어 인근 공영주차장을 찾아야 하는 점이 불편합니다.	https://blog.naver.com/lsjv12291/224288851006|https://blog.naver.com/seoro_season/224197175206|https://blog.naver.com/otshj	태극당|전통 모나카와 빵|태극당이 한국 옛날 방식의 모나카와 빵을 고수한다면, 쿠루미 과자점은 정갈하고 섬세한 일본풍의 빵과 과자를 제공함	35.212774	129.0804323
꼼다비뛰드	서울 강남구 강남대로110길 62	강남 신논현역 인근에 위치한 전설적인 빵지순례 명소. 뛰어난 퀄리티의 샌드위치와 구움과자 전문	그릴 샌드위치, 마들렌	주문 즉시 만들어주는 피망잼과 치즈 베이스의 그릴 샌드위치와 겉바속촉의 정석인 까눌레/마들렌	오픈 직후 빠른 속도로 샌드위치 및 구움과자 매진	강력한 오픈런 웨이팅 필수 (목~토 단기 영업)	false	그릴 샌드위치의 피망잼과 치즈 조합은 정말 한 번 먹으면 잊을 수 없는 맛입니다|까눌레와 피스타치오 마들렌의 식감과 풍미가 서울 최고 수준이에요|웨이팅이 전혀 아깝지 않은 완벽한 빵 맛입니다	영업일이 짧고 웨이팅이 너무 길어 직장인들은 평일에 구매하기가 사실상 불가능합니다.	https://blog.naver.com/thefruitfruit/223580041859|https://blog.naver.com/nam1991|https://blog.naver.com/rlaclv	소금집델리|샌드위치|소금집델리가 수제 가공육에 집중한 짭짤하고 터프한 샌드위치라면, 꼼다비뛰드는 섬세한 피망잼과 바삭한 바게트의 완벽한 밸런스를 보여주는 샌드위치	37.5033778	127.0295283
밀스	서울 성동구 뚝섬로4길 21	성수동의 힙한 분위기와 오픈 주방. 미쉐린 가이드 레스토랑 모수 출신 셰프가 운영하는 베이커리	수제 소시지 번, 사워도우	직접 만든 수제 소시지를 숯불에 구워 넣은 번과 산미 밸런스가 훌륭한 고퀄리티 사워도우	주말 오후 소시지 번 및 주요 사워도우 매진	주말 성수동 핫플로 오픈런 및 웨이팅 발생	true	숯불에 구운 수제 소시지의 육즙과 번의 쫄깃함이 미쳤습니다|사워도우 특유의 기분 좋은 산미와 고소함이 완벽하게 어우러져요|1층 오픈 주방에서 빵 만드는 과정을 보는 재미가 있습니다	성수동 특성상 주차 공간이 없고 테이블 간격이 좁아 다소 산만합니다.	https://blog.naver.com/soomtoyou/224294920256|https://blog.naver.com/tryhera/224177697881|https://blog.naver.com/djdy1616	어니언|성수동 핫플|어니언이 폐공장을 개조한 압도적인 공간감과 달콤한 페이스트리로 유명하다면, 밀스는 모수 출신 셰프의 고퀄리티 식사빵과 수제 소시지 번으로 승부함	37.5388416	127.0507944
타르틴베이커리 판교점	경기 성남시 분당구 동판교로177번길 25	판교 아브뉴프랑 1층. 층고가 높고 넓어 개방감이 좋으며 샌프란시스코 3대 빵집의 명성을 잇는 곳	컨트리 사워도우, 그릴치즈 샌드위치	천연 르뱅을 사용한 거대한 크기의 시그니처 사워도우와 화려한 페이스트리, 디저트류	유명 사워도우(컨트리)는 이른 오후 품절 잦음	점심시간 및 주말 피크 타임에 넓은 매장임에도 좌석 대기	true	컨트리 사워도우는 시큼하면서도 쫄깃해서 식사 대용으로 아주 훌륭합니다|샌드위치를 시키면 아메리카노를 주는 프로모션이 있어서 브런치로 제격이에요|매장이 넓고 쾌적해서 아이들과 함께 방문하기 편안합니다	사워도우 크기가 너무 커서 1인 가구가 한 번에 구매해서 먹기에는 양이 부담스럽습니다.	https://blog.naver.com/jj12396/224266261466|https://blog.naver.com/chooeye8/224306712204|https://blog.naver.com/bibongic	오월의종|하드빵|오월의종이 가성비 좋은 무화과 호밀빵 등 친숙한 식사빵의 대명사라면, 타르틴은 샌프란시스코 정통의 강렬한 산미를 지닌 프리미엄 컨트리 브레드	37.3969886	127.1136105
컨트리보이	서울 서초구 방배로27길 53	방배동 내방역 인근. 이국적인 간판과 아담한 진열장이 매력적인 동네 빵집	사워도우, 푸가스	겉바속촉의 정석을 보여주는 사워도우와 마늘, 올리브 등 부재료가 듬뿍 들어간 짭짤한 푸가스	아침부터 인기가 많아 점심시간 직후 인기 빵 완판	작은 매장 특성상 오픈 시간에 맞춰 짧은 대기줄 발생	false	여기 사워도우는 방배동 유명 브런치 카페에서도 쓸 만큼 맛이 보장되어 있어요|구운 마늘 푸가스가 식사 대용으로 짭짤하고 너무 맛있습니다|잠봉뵈르의 바게트가 찔기지 않고 바삭해서 먹기 편해요	매장이 1m 남짓한 진열장이 전부일 정도로 협소하여 빵을 고를 때 여유가 없습니다.	https://blog.naver.com/eterna01/224223626267|https://blog.naver.com/shim92-/224241793574|https://blog.naver.com/miki0522/224272504715	메종엠오|방배동 빵집|메종엠오가 방배동에서 프렌치 스타일의 정교한 마들렌과 구움과자를 선보인다면, 컨트리보이는 거친 식감의 사워도우와 푸가스로 승부하는 로컬 빵집	37.4888667	126.9894375
수더분	서울 마포구 백범로 152	공덕역 공덕파크자이 상가에 위치. 화려한 디저트보다는 기본에 충실한 건강 식사빵 전문 베이커리	치아바타, 사워도우	100% 우리밀과 천연발효종, 물, 소금만 사용하여 첨가물 없이 속이 편안하고 쫄깃한 식사빵	당일 생산 소진 시 조기 마감 (오전 방문 추천)	평일에도 점심시간 전후로 직장인 대기줄 발생	false	사워도우가 산미가 적당하고 담백해서 올리브유에 찍어 먹기만 해도 환상적입니다|치아바타 겉바속촉이 정말 제대로라 샌드위치 해먹기 제일 좋아요|우리밀 100%라 많이 먹어도 속이 더부룩하지 않습니다	테이크아웃 전용 매장이라 빵을 바로 앉아서 커피와 먹을 수 없는 점이 아쉽습니다.	https://blog.naver.com/momoping7/224237385043|https://blog.naver.com/kimsmile7/224235625957|https://blog.naver.com/momoping7	파네트|공덕 빵집|파네트가 몽블랑과 크루아상 등 버터 풍미 가득한 다양한 라인업을 자랑한다면, 수더분은 오직 우리밀과 발효종으로 승부하는 담백한 식사빵의 끝판왕	37.5454017	126.946748
프롬더스크래치	경기 성남시 수정구 위례순환로4길 40	분위기 정보 없음	소금빵	특징 정보 없음	정보 없음	정보 없음	True	소금빵과 뺑스위스 모두 맛있었습니다	부정적 리뷰 없음	https://m.blog.naver.com/sil_via_/223481853073|https://www.diningcode.com/profile.php?rid=0netFLZVxgz0|https://conyplace.com/프롬더스크래치-위례-지역의-인기-빵집/	일반 빵집|메뉴 구성|소금빵 등 특색있는 메뉴 제공	37.4697577	127.1485877
리얼브레드	경기 화성시 동탄원천로 354-11	화성 능동에 위치한 동네 주민들의 아담한 식사빵 전문 베이커리	초코바게트	화려한 기교보다는 기본에 충실한 소박하고 건강한 빵	인기 품목은 오후에 소진될 수 있음	대기 시간 거의 없음	false	기본에 충실해서 담백하게 먹기 좋아요|초코바게트가 달지 않고 식감이 괜찮습니다|동네에서 소소하게 사먹기 좋은 빵집이에요	대형 베이커리에 비해 메뉴 라인업이 고정적이고 신제품이 적습니다.	https://blog.naver.com/fallingslowly20/223490431848|https://blog.naver.com/bandal_life/223959001433|https://blog.naver.com/amoment2020	하얀풍차제과점|동네 빵집|하얀풍차제과점이 동탄에서 가장 화려하고 트렌디한 메뉴를 선보이는 대형 베이커리라면, 리얼브레드는 소박하게 기본을 지키는 로컬 빵집	37.2190064	127.0574878
비비비	부산 수영구 수영로582번길 21	광안리 광안역 인근에 위치한 아담한 타르트 및 구움과자 전문점	에그타르트, 피스타치오 크럼블 타르트	바삭한 타르트지와 묵직하고 꽉 찬 필링의 조화가 뛰어남	인기 타르트류 오후 일찍 매진	포장 전용으로 대기는 짧은 편	false	에그타르트 파이지가 정말 바삭하고 필링이 푸딩같아요|피스타치오 크럼블 타르트의 고소함이 미쳤습니다|광안리 갈 때마다 포장해오는 구움과자 맛집입니다	테이크아웃 전문점이라 매장 내에서 커피와 함께 먹을 수 없는 점이 아쉽습니다.	https://blog.naver.com/dohwajudon/223480394084|https://blog.naver.com/sleeping_zz_|https://blog.naver.com/subin7165	에그마카슈|에그타르트|에그마카슈가 홍대에서 마카오식 에그타르트의 기본기를 보여준다면, 비비비는 피스타치오 등 다채로운 재료를 응용한 프리미엄 타르트 전문점	35.1576065	129.1143409
부부제과	경기 성남시 분당구 매화로48번길 8-1	야탑동 골목에서 부부가 직접 운영하는 작고 아늑한 구움과자 전문점	까눌레, 르뱅쿠키	남편이 매일 직접 굽는 겉바속촉 까눌레와 아내가 디자인한 귀여운 캐릭터 패키징	오후 늦은 시간대 인기 까눌레 및 구움과자 완판	주말 오후 현장 대기 약간 있음	false	바닐라 까눌레 겉바속촉 식감이 분당 최고 수준입니다|르뱅쿠키가 재료를 아끼지 않아서 묵직하고 맛있어요|패키지가 너무 귀여워서 선물용으로 딱입니다	매장이 골목에 위치해 주차가 매우 어렵고 협소합니다.	https://blog.naver.com/koyangibuin|https://blog.naver.com/choi_gukhwa/224191304750|https://blog.naver.com/leahkim-	테일러커피|구움과자|테일러커피가 세련된 분위기의 카페와 어울리는 디저트를 제공한다면, 부부제과는 동네 골목에서 정성스럽게 구워내는 로컬 구움과자의 정석	37.4116324	127.1348401
밀곳	부산 중구 부평1길 49	부평깡통시장 내 핫핑크와 에메랄드 컬러의 독특한 외관으로 눈길을 끄는 빵지순례 명소	머쑥머쑥, 버무리	쑥, 팥, 인절미 크림이 조화를 이룬 쌀빵과 화려한 비주얼의 크림 버무리 빵	시장 관광객이 몰리는 주말 오후 주요 품목 소진	주말 관광객들로 인한 웨이팅 발생	false	머쑥머쑥 쌀빵의 쫄깃함과 인절미 크림의 고소함이 완벽해요|시장 구경하다가 핫핑크 외관에 홀려 샀는데 정말 맛있습니다|버무리는 비주얼도 독특하고 크림이 부드러워서 차갑게 먹으면 최고예요	시장 내에 위치해 있어 사람이 너무 많고 복잡하여 쾌적하게 빵을 고르기 힘듭니다.	https://blog.naver.com/ymi04/224238208708|https://blog.naver.com/eeveryhappyday|https://blog.naver.com/onlyher_sj/223855751991	아우어베이커리|화려한 빵|아우어베이커리가 도심 한복판의 트렌디하고 세련된 더티초코로 유명하다면, 밀곳은 전통 시장 한가운데서 시선을 사로잡는 화려한 쌀빵 맛집	35.1017493	129.0257602
외계인방앗간 본점	서울 강남구 논현로149길 19	인스타그램 감성의 아담한 외관. 밀가루를 배제하고 100% 국내산 순쌀로 빵을 만드는 쌀빵 전문점	순쌀식빵, 인절미빵	알러지 유발 성분을 표기하여 건강하고 소화가 잘되는 쫀득 담백한 식감의 쌀빵	주말 인기 쌀식빵 조기 소진 가능성	포장 위주라 대기열이 길지는 않음	false	밀가루 빵 먹으면 속이 더부룩한데 여기 쌀빵은 소화가 정말 잘 돼요|인절미빵의 쫄깃함과 고소함이 떡과 빵의 장점만 모아둔 것 같습니다|소금빵도 쌀로 만들어서 식감이 독특하고 맛있어요	쌀빵 특유의 포슬포슬함이나 약간 퍽퍽한 식감이 사람에 따라 호불호가 갈릴 수 있습니다.	https://blog.naver.com/asomes2/223684784067|https://blog.naver.com/wwjddms444|https://blog.naver.com/minse0on	태극당|전통 빵집|태극당이 옛날 방식의 클래식한 밀가루 빵을 고수한다면, 외계인방앗간은 밀가루 대신 쌀을 사용한 현대적이고 건강한 빵을 제시함	37.518154	127.0269169
폼드팡베이커리 신사점	서울 강남구 도산대로11길 11	가로수길 인근 접근성이 좋으며, 작지만 방부제/첨가제를 넣지 않는 알찬 빵집	소금빵, 몽블랑	다양한 종류의 빵과 화려한 타르트, 케이크 라인업을 갖춰 지나가다 들르기 좋은 곳	주말 오후 가로수길 유동인구로 인기 빵 매진 잦음	매장이 협소하여 손님이 몰릴 시 혼잡함	false	소금빵 버터 풍미가 좋고 겉바속촉 밸런스가 훌륭합니다|몽블랑이 겹겹이 부드럽고 결이 살아있어요|빵 종류가 워낙 다양해서 고르는 재미가 있습니다	매장 내부가 좁아서 손님이 몇 명만 들어와도 빵을 여유롭게 고르기 불편합니다.	https://blog.naver.com/7yena_/223694006580|https://blog.naver.com/hoojee1|https://blog.naver.com/mongtrip79/224189799441	카페 노티드|가로수길 디저트|노티드가 도넛이라는 단일 품목의 귀여운 브랜딩으로 승부한다면, 폼드팡은 다양한 종류의 클래식 빵과 타르트로 폭넓은 선택지를 제공함	37.5181941	127.0225055
타르틴베이커리 청담점	서울 강남구 선릉로 816	압구정로데오역 인근. 감각적이고 모던한 인테리어로 힙한 분위기의 샌프란시스코 유명 베이커리	사워도우 슬랩, 컨트리 브레드	천연 발효종을 사용해 강렬한 산미와 겉바속쫄 식감을 자랑하는 정통 사워도우 식사빵	주말 브런치 시간대 인기 사워도우 조기 소진	인기가 많아 브런치 피크 타임에 매장 만석 대기 발생	true	사워도우 슬랩의 바삭하고 쫄깃한 식감은 정말 샌프란시스코의 맛 그대로입니다|매장 분위기가 힙해서 브런치 먹으면서 사진 찍기 좋아요|식사빵이 훌륭해서 샌드위치로 해먹기 완벽합니다	사워도우 특유의 강한 산미가 한국적인 빵에 익숙한 사람에게는 매우 시큼하게 느껴질 수 있습니다.	https://blog.naver.com/mayocong|https://blog.naver.com/jeonghj7/223492800287|https://blog.naver.com/bellains2	오월의종|하드빵|오월의종이 무화과 호밀빵 등 대중적이고 친숙한 가격대의 하드빵이라면, 타르틴은 강렬한 산미를 지닌 프리미엄 샌프란시스코 정통 사워도우	37.5246258	127.0398484
헤이즈밀베이커리 본점	서울 강남구 압구정로14길 36	압구정 가로수길. 미슐랭 3스타 출신 파티셰가 36시간 저온 발효하여 빵을 굽는 사워도우 전문점	100% 통밀 사워도우, 아보카도 토스트	신맛이 강하지 않아 대중적인 사워도우와 다이어터들에게 사랑받는 건강한 오픈 토스트	건강빵 인기로 주요 통밀빵 오후 이른 시간 품절	브런치 시간대 2층 취식 공간 여유 확인 필요	true	통밀 사워도우인데도 신맛이 강하지 않고 씹을수록 구수해요|아보카도 오픈 토스트가 신선하고 브런치로 먹기 완벽합니다|피칸파이도 견과류가 가득해서 정말 고소합니다	크루아상 같은 페이스트리류는 밀도와 버터 풍미 측면에서 약간 아쉽다는 의견이 있습니다.	https://blog.naver.com/dreamingori/224291998130|https://blog.naver.com/wjddsmtjs|https://blog.naver.com/cy_0127/224273564180	밀도|식빵|밀도가 버터와 우유의 풍미를 극대화한 부드러운 생식빵의 대명사라면, 헤이즈밀은 저온 발효를 통한 구수하고 담백한 통밀 사워도우의 정석	37.5220135	127.0233791
퍼프베이커리	부산 부산진구 동천로 56	전포동 빵지순례 필수 코스. 통유리 외관에 초록색 프레임 포인트가 있는 깔끔한 베이커리	피스타치오 퀸아망, 크루아상	인공 제빵 개량제를 쓰지 않으며, 묵직하고 푸짐한 크기와 진한 피스타치오 필링이 돋보임	오후 늦은 시간 인기 피스타치오 계열 빵 전량 소진	주말 및 공휴일 오픈런 또는 현장 웨이팅 발생	false	피스타치오 크루아상 필링이 쏟아질 정도로 진하고 꽉 차 있습니다|퀸아망 겉이 빠작빠작하고 속은 버터 풍미로 촉촉해요|재료를 아끼지 않은 크기라 가성비가 훌륭하게 느껴집니다	페이스트리류가 대체로 달고 버터리해서 여러 개를 한 번에 먹으면 다소 느끼할 수 있습니다.	https://blog.naver.com/fur_elise_/224212438666|https://blog.naver.com/ordinarydayinmylife/224237539966|https://blog.naver.com/xkdkddl77/224266918364	아우어베이커리|페이스트리|아우어베이커리가 초콜릿 중심의 더티초코와 빨미까레에 강점이라면, 퍼프베이커리는 진한 피스타치오 필링을 활용한 압도적 크기의 퀸아망과 크루아상	35.1535839	129.062515
바게틴	서울 서초구 방배로 58	방배동 파리 감성의 작은 빵집. 프랑스 셰프가 르방을 기반으로 운영하는 하드 계열 빵 전문점	바게트, 캄파뉴	겉은 바삭하고 속은 쫄깃한(겉바속쫄) 현지의 맛을 구현한 다양한 라인업의 바게트	소량 생산으로 빵 나오는 시간에 맞춰가지 않으면 조기 소진	오픈 시간대 포장 손님 대기 발생	true	여기 바게트는 프랑스 현지에서 먹던 그 바삭하고 고소한 맛 그대로입니다|올리브 바게트와 할라피뇨 바게트 등 다양한 베리에이션이 훌륭해요|르방을 써서 그런지 씹을수록 풍미가 깊습니다	포장 비중이 높고 매장 내 좌석이 매우 적어 취식하기가 불편합니다.	https://blog.naver.com/mingcci/224300728834|https://blog.naver.com/lovemy_b/224282960169|https://blog.naver.com/poohzia	폴앤폴리나|바게트|폴앤폴리나가 극강의 부드러움과 쫄깃함을 지닌 한국식 치아바타와 하드빵이라면, 바게틴은 거칠고 바삭한 프랑스 정통 바게트 본연의 식감	37.4799718	126.9989877
자연도소금빵in 도산	서울 강남구 도산대로49길 41	압구정 로데오의 테이크아웃 전용 매장. 오직 하루 6번 갓 구워내는 소금빵 단일 메뉴만 판매	소금빵 (4개 세트)	최상급 버터와 소금을 사용하여 버터 동굴이 살아있는 궁극의 겉바속촉 소금빵	저녁 시간대 조기 마감 가능성 높음	키오스크 결제 후 픽업을 위한 긴 대기열 상시 발생	false	갓 나온 소금빵을 한 입 먹으면 버터 풍미가 입안에 폭발합니다|겉바속촉의 대명사답게 바삭함과 부드러움의 밸런스가 미쳤어요|메뉴가 소금빵 하나뿐인데도 항상 줄 서는 이유가 있습니다	무조건 4개 세트로만 판매하여 1~2개만 가볍게 맛보고 싶은 1인 가구에게는 부담스럽습니다.	https://blog.naver.com/mfp112/224303093130|https://blog.naver.com/jy7369|https://blog.naver.com/vicky8888	이성당|단일 메뉴의 위력|이성당이 단팥빵과 야채빵이라는 클래식한 두 메뉴로 전국구 명성이 되었다면, 자연도는 오직 소금빵 단일 메뉴 하나로 도산대로를 평정함	37.5257505	127.0369258
디저트시네마	부산 연제구 쌍미천로 32-1	연산동의 앤티크하고 빈티지한 우드 스타일 베이커리. 친근한 동네 빵집 같은 따뜻한 분위기	뺑오쇼콜라, 크로와상	겹겹이 찢어지는 결이 살아있는 섬세한 페이스트리 기반의 디저트 전문	재료 소진이 빨라 주말 오후 조기 마감 빈번함	인기가 매우 많아 주말에는 1시간 이상의 긴 웨이팅 필수	true	뺑오쇼콜라의 결이 정말 훌륭하고 초콜릿이 고급스러워요|크로와상 겉면의 바삭함이 부산 최고 수준입니다|매장의 빈티지한 인테리어 덕분에 빵 맛이 더 좋게 느껴집니다	웨이팅이 너무 길어서 큰 마음 먹고 방문해야 하며, 오픈런을 하지 않으면 원하는 빵을 사기 어렵습니다.	https://blog.naver.com/rlaguswn346|https://blog.naver.com/momentt_/223559300959|https://blog.naver.com/ming0515_	레이어드|스콘과 페이스트리|레이어드가 영국식 앤티크 분위기에 묵직한 스콘 중심이라면, 디저트시네마는 빈티지 감성에 섬세하고 바삭한 결이 살아있는 페이스트리 중심	35.1762729	129.0904953
서희와제과	부산 수영구 광남로 89	광안리 해변가 인근에 위치한 서면 '희와제과'의 2호점. 희와제과의 묵직함을 그대로 옮겨옴	명란감자소금빵, 팥빵	속재료를 꽉 채워 빵 무게가 묵직하며, 명란과 감자가 어우러진 짭짤한 조리빵이 일품	주말 및 특정 시간대 인기 조리빵 조기 완판	본점 대비 덜 붐비나 주말 광안리 관광객 웨이팅 있음	false	명란감자소금빵은 감자와 마요네즈 소스의 조화가 정말 환상적입니다|팥빵이 무거울 정도로 속재료가 실하게 꽉 차 있어요|본점인 희와제과보다 상대적으로 웨이팅이 적어서 빵 사기가 수월합니다	전용 주차장이 없어 복잡한 광안리에서 공영주차장을 찾아야 하는 점이 불편합니다.	https://blog.naver.com/redpine_k|https://blog.naver.com/pcj1245/224295238403|https://blog.naver.com/yozz-/224302098235	희와제과|속재료 가득한 빵|서면 본점 희와제과가 극악의 웨이팅을 자랑하는 원조 맘모스와 팥빵 맛집이라면, 광안리 서희와제과는 명란감자소금빵 등 조리빵에 강점이 있는 쾌적한 2호점	35.1501572	129.114149
몽스베이커리 동탄목동점	경기 화성시 동탄신리천로 407	동탄 목동 상가권의 아담하고 깔끔한 동네 빵집. 오픈 키친 형태로 빵 굽는 모습을 볼 수 있음	휘낭시에, 소금빵	기본에 충실한 빵과 다양한 구움과자 라인업을 제공하는 포장 전문 베이커리	오후 늦은 시간 인기 휘낭시에류 품절	대기열 없이 빠르게 포장 가능	false	휘낭시에 겉면이 쫀득하고 버터 풍미가 진해서 자주 사먹어요|소금빵이 질기지 않고 담백해서 아이들 간식으로 딱입니다|오픈 키친이라 빵 만드는 과정을 볼 수 있어 위생적으로 믿음이 갑니다	매장 내 취식 공간이 없어 오직 테이크아웃으로만 이용해야 하는 동네 빵집의 한계가 있습니다.	https://blog.naver.com/dugod24_|https://blog.naver.com/yongs_foryou/223740711263|https://blog.naver.com/dugod24_/223906184009	메종엠오|휘낭시에 전문점|메종엠오가 방배동에서 프렌치 스타일의 프리미엄 마들렌과 구움과자를 선보인다면, 몽스베이커리는 동탄 동네 주민들이 가볍게 즐기기 좋은 데일리 구움과자	37.1828272	127.1235379
장미베이커리 동탄목동점	경기 화성시 동탄신리천로 414	동탄 목동에 새로 생긴 아담하고 조용한 동네 빵집	우유식빵, 단팥빵	아이들 간식으로 좋은 자극적이지 않고 부드러운 기본 빵 위주	소량 생산으로 인기 빵 조기 소진 가능	웨이팅 없음	false	식빵이 부드럽고 담백해서 매일 먹기 좋아요|단팥빵 팥앙금이 많이 달지 않아서 어르신들도 좋아합니다|동네에 가볍게 들를 수 있는 빵집이 생겨서 좋습니다	화려한 디저트류나 트렌디한 빵 종류는 부족한 편입니다.	https://blog.naver.com/dugod24_/223738309828|https://blog.naver.com/vvbys/223984230559|https://blog.naver.com/colorbliss/223966528901	파리바게뜨|동네 빵집|파리바게뜨가 전국적인 프랜차이즈의 균일한 맛이라면, 장미베이커리는 동네 주민들을 위한 소박하고 따뜻한 데일리 빵집	37.1820272	127.1239362
윤슬제과	경기 성남시 중원구 광명로324번길 3	단대오거리 금광동 주택가 골목에 위치한 숨은 디저트 및 구움과자 맛집	황치즈 휘낭시에, 스콘	프랑스 및 뉴질랜드산 버터 등 좋은 재료를 아낌없이 사용한 묵직한 구움과자	주말 오후 인기 휘낭시에 조기 품절	작은 매장으로 포장 대기 약간 있음	false	황치즈 휘낭시에의 단짠단짠 밸런스가 완벽해요|버터 풍미가 좋아서 스콘만 먹어도 맛있습니다|우리 동네에 이런 고급스러운 구움과자 집이 생겨서 너무 행복해요	주택가 골목 안쪽에 있어서 주차가 불가능하고 찾아가기 약간 까다롭습니다.	https://blog.naver.com/ejlove7868|https://blog.naver.com/luckyjinny_7|https://blog.naver.com/zzihye_zzang	마이퍼니디저트|구움과자|마이퍼니디저트가 화려하고 세련된 마카롱 중심이라면, 윤슬제과는 좋은 재료 본연의 맛을 살린 묵직한 구움과자 전문	37.4451081	127.1620391
카페 파트너스	경기 성남시 분당구 장미로 86	야탑역 인근 감각적인 인테리어와 2층 베이킹 작업실을 갖춘 베이커리 카페	모카 소금빵, 무화과 깜빠뉴	달큰하고 담백한 하드빵과 고소한 버터 풍미의 소금빵이 주력	점심시간 이후 인기 빵 빠르게 소진	오후 시간대 매장 내 좌석 만석 잦음	true	모카 소금빵이 커피랑 먹으면 정말 환상적입니다|무화과 깜빠뉴에 무화과가 아낌없이 들어가 있어요|매장 분위기가 아늑하고 흑임자 라떼도 고소하고 맛있습니다	매장 내부 공간이 다소 협소하여 오래 앉아서 대화하기에는 눈치가 보입니다.	https://blog.naver.com/dduddu0103|https://blog.naver.com/ayo00_|https://blog.naver.com/ssk6599/224221904386	하얀풍차제과점|소금빵 및 하드빵|하얀풍차제과점이 대형 프랜차이즈 느낌의 다양한 메뉴를 자랑한다면, 카페 파트너스는 감각적인 공간에서 직접 굽는 소금빵과 깜빠뉴에 집중함	37.4136479	127.1303098
르분당	경기 성남시 분당구 매화로55번길 5	야탑동 골목. 프랑스 유학파 미슐랭 셰프 출신 오너가 운영하는 고급 디저트 빵집	크로와상, 바닐라 타르트	프랑스산 밀가루와 고급 버터를 사용하여 현지 감성을 그대로 살린 페이스트리	주말 인기 타르트 및 크로와상 오전 완판	주말 오전 포장 대기줄 발생	false	크로와상의 결이 살아있고 버터 풍미가 고급스러워요|바닐라 타르트는 고급 레스토랑 디저트 못지않은 퀄리티입니다|분당에서 프랑스 정통 페이스트리를 맛볼 수 있어 최고입니다	고급 재료를 사용해서 그런지 다른 빵집에 비해 가격대가 꽤 높은 편입니다.	https://blog.naver.com/y_yse0|https://blog.naver.com/sososo_96/224015708435|https://blog.naver.com/leahkim-/224054465503	기욤|프랑스 베이커리|기욤이 화려하고 클래식한 마카롱과 에끌레어에 강하다면, 르분당은 미슐랭 셰프의 터치가 들어간 정교한 타르트와 크로와상	37.4125425	127.1332455
봄밀베이커리	경기 화성시 10용사2길 35	동탄 지역 맘카페에서 입소문 난 하드 계열 식사빵 전문 빵집	잠봉뵈르, 무화과 깜빠뉴	천연 발효종을 사용해 속이 편안하며 겉바속촉 식감을 자랑하는 바게트와 잠봉뵈르	인기 빵 오픈 후 1시간 내 완판	오픈런 필수 (매장 밖 긴 대기열)	false	동탄에서 잠봉뵈르는 여기가 무조건 1등입니다 바게트 바삭함이 미쳤어요|무화과 깜빠뉴가 달지 않고 씹을수록 구수합니다|발효종 빵이라 아이들 먹이기도 좋고 소화도 잘 돼요	주 3~4일만 영업하고 오픈런하지 않으면 빵을 살 수 없어 직장인에겐 그림의 떡입니다.	https://blog.naver.com/olliekim/223531672039|https://blog.naver.com/rlaqhdud0224|https://blog.naver.com/yasty0909	오월의종|하드빵|오월의종이 서울 이태원의 가성비 좋은 하드빵 성지라면, 봄밀베이커리는 동탄 주민들이 오픈런하는 궁극의 잠봉뵈르 및 발효종 빵집	37.1917839	127.0672003
플렁드	경기 수원시 장안구 율전로 91	수원 성균관대역 인근 민트와 우드 톤의 인테리어가 돋보이는 디저트 천국	에그타르트, 치즈바	스콘, 마들렌, 크럼블, 버터바 등 다채롭고 화려한 라인업의 구움과자	오후 늦은 시간 인기 크럼블 및 버터바 소진	대학생 시험기간 등 피크 타임에 대기 발생	false	에그타르트 파이지가 바삭하고 필링이 꽉 차서 너무 부드러워요|치즈바와 크럼블 종류가 다양해서 디저트 덕후에게는 천국입니다|선물용 패키징이 예뻐서 답례품으로 돌리기 좋아요	구움과자 특성상 전체적으로 당도가 높아 단 것을 싫어하는 분께는 부담스러울 수 있습니다.	https://blog.naver.com/yeonforecord/224121938141|https://blog.naver.com/llover25/224183177756|https://blog.naver.com/pristine_sb/224167566822	카페 하이웨스트|구움과자|하이웨스트가 스콘 중심의 아기자기한 영국 감성이라면, 플렁드는 대학가 핫플답게 치즈바, 크럼블 등 트렌디한 구움과자를 총망라함	37.2975168	126.9684729
이너피스베이커리	서울 서초구 양재천로29길 15	양재천 인근에 위치한 간결한 인테리어의 크로와상 주력 베이커리 카페	크로와상, 뺑오쇼콜라	가볍게 산책하다 들러 커피와 함께 즐기기 좋은 버터 풍미 가득한 페이스트리	주말 오후 인기 페이스트리 소진	양재천 산책객이 몰리는 주말 오후 만석	true	크로와상이 겉은 바삭하고 속은 쫄깃해서 커피랑 아주 잘 어울려요|양재천 걷다가 가볍게 들러서 빵 먹기 딱 좋은 위치입니다|매장이 깔끔하고 조용해서 이너피스라는 이름이 잘 어울립니다	주력 메뉴인 크로와상 외에는 빵 종류가 다소 한정적이라 아쉽습니다.	https://blog.naver.com/wlgp5982|https://blog.naver.com/ikpcsm9678/223742343188|https://blog.naver.com/wowsohn/223988226469	아우어베이커리|페이스트리|아우어베이커리가 화려하고 묵직한 더티초코 중심이라면, 이너피스베이커리는 양재천 산책길에 어울리는 가볍고 담백한 크로와상	37.4795117	127.0418401
크레미엘	서울 서초구 양재천로21길 3	양재천. 프랑스 미슐랭 2스타 레스토랑 출신 셰프 부부가 운영하는 파리 감성 베이커리	크로와상, 퀸아망	프랑스산 밀가루와 AOP 버터 등 최고급 재료로 구현한 정통 프렌치 페이스트리	오픈 직후부터 포장 손님이 많아 조기 매진 잦음	작은 매장 내부 결제 대기열 발생	false	파리 여행 때 먹었던 그 완벽한 크로와상 맛을 서울에서 찾았습니다|퀸아망이 설탕 코팅은 바삭하고 버터 풍미는 터질듯해서 최고예요|매장 인테리어와 예쁜 커트러리 구경하는 재미도 있습니다	매장에 취식 공간이 없고 주차 공간도 협소하여 무조건 포장해야 합니다.	https://blog.naver.com/wlgp5982|https://blog.naver.com/wnfl2294|https://blog.naver.com/cake_lover_/224258810341	곤트란쉐리에|크로와상|곤트란쉐리에가 대형 매장에서 널리 사랑받는 대중적인 크로와상이라면, 크레미엘은 미슐랭 셰프의 섬세함이 깃든 소규모 부티크 프렌치 페이스트리	37.4757529	127.0391241
아티스트베이커리 안국	서울 종로구 율곡로 45	런던베이글뮤지엄 운영사에서 런칭한 안국역 앞 유럽 감성 소금빵 전문점	플레인 소금빵, 트러플 소금빵	다양한 부재료(트러플, 감자치즈 등)를 조합한 트렌디한 소금빵과 바게트 샌드위치	오후 시간대 인기 소금빵 종류 매진	런베뮤 못지않은 극악의 웨이팅 (캐치테이블 필수)	true	감자치즈 소금빵은 쫄깃하고 짭짤해서 식사 대용으로 아주 좋습니다|매장 인테리어가 유럽에 온 것 같아서 사진 찍기 너무 좋아요|잠봉 샌드위치에 다양한 잼을 곁들여 먹으니 환상적입니다	웨이팅이 너무 심하고, 빵 크기에 비해 가격대가 상당히 비싸 가성비가 떨어집니다.	https://blog.naver.com/so---happy/224279466161|https://blog.naver.com/krhdms11|https://blog.naver.com/want_to_be_happy/224231430360	런던베이글뮤지엄|베이글과 소금빵|런베뮤가 쫀득한 베이글 베이스의 화려한 샌드위치라면, 아티스트베이커리는 소금빵을 베이스로 한 감각적이고 다채로운 베리에이션 라인업	37.5762555	126.9843435
에브리도우	부산 수영구 민락로33번길 31	광안리 해변과 가까운 민락동 골목의 치아바타, 샌드위치 전문 식사빵 베이커리	치아바타 샌드위치, 앙버터	당일 생산한 빵을 바로 판매하여 쫄깃하고 담백한 식감을 살린 기본 식사빵	점심시간 전후로 샌드위치류 빠른 소진	가벼운 포장 대기 있음	false	치아바타가 겉은 질기지 않고 속은 기공이 숭숭 뚫려 폭신하고 담백해요|여기 치아바타로 만든 샌드위치 포장해서 광안리 바다 보면서 먹으면 꿀맛입니다|앙버터 팥이 많이 달지 않고 버터랑 잘 어울려요	동네 빵집이라 빵이 나오는 시간이 불규칙할 때가 있고 메뉴가 매일 조금씩 바뀝니다.	https://blog.naver.com/maeilchu/224292082479|https://blog.naver.com/powerbird0|https://blog.naver.com/powerbird0/224248285718	우드앤브릭|하드빵 샌드위치|우드앤브릭이 도심의 세련된 유럽식 샌드위치라면, 에브리도우는 광안리 바다 감성과 어울리는 소박하고 쫄깃한 식사빵 샌드위치	35.1568925	129.1205623
로로네베이커리	대전 중구 중교로 30	대전 대흥동 중구청 인근 빵지순례 필수 코스. 깔끔하고 아늑한 분위기	리본 페스츄리, 에그타르트	결이 살아있는 바삭한 페스츄리와 예쁜 비주얼을 자랑하는 시그니처 리본 페스츄리	인기 페스츄리류 늦은 오후 조기 품절	주말 오후 대기열 발생	false	리본 페스츄리 결이 정말 살아있고 바삭바삭합니다|에그타르트 필링이 꽉 차 있어서 커피랑 먹기 딱 좋아요|성심당 갔다가 들르기 좋은 대흥동 빵지순례 코스입니다	전용 주차장이 없어 공영주차장을 찾아야 하는 점이 약간 불편합니다.	https://blog.naver.com/dys99189/224185886090|https://blog.naver.com/oldstonej|https://blog.naver.com/uwon014	디저트시네마|페스츄리 전문|디저트시네마가 부산의 빈티지한 앤티크 페이스트리 맛집이라면, 로로네베이커리는 대전의 깔끔하고 귀여운 리본 페스츄리 성지	36.3250351	127.4232818
콜드버터베이크샵 본점	대전 중구 중앙로112번길 37	대전 대흥동 빵지순례 코스. 아담한 매장에서 포장 위주로 운영	크랙소금빵, 콜낭시에	겉바속촉의 대명사인 크랙소금빵과 12시/1시 시간대별로 다르게 나오는 다채로운 라인업	소금빵 나오는 시간 전후로 인기 품목 즉시 품절	빵 나오는 시간대 긴 웨이팅 발생	false	크랙소금빵 이름 그대로 겉이 바스락거리고 속은 버터 동굴이 완벽해요|콜낭시에 종류가 다양해서 골라먹는 재미가 있습니다|모찌빵도 꾸덕하고 부드러운 식감이라 중독성 있어요	매장이 매우 협소하고 포장만 가능해서 안에서 먹고 갈 수 없는 점이 아쉽습니다.	https://blog.naver.com/kdaday/224280560012|https://blog.naver.com/leese128/224283444628|https://blog.naver.com/heileyy	자연도소금빵|소금빵|자연도소금빵이 단일 메뉴로 극강의 회전율을 보여준다면, 콜드버터는 명란마요, 황치즈 등 다채로운 소금빵 베리에이션을 제공함	36.3257763	127.4234064
성심당 케익부띠끄	대전 중구 대종로 480	성심당 본점 바로 옆. 화려한 디저트가 진열되어 있는 대전의 명소	망고시루, 딸기시루, 순수롤	계절별 과일을 산더미처럼 쌓아 올리는 '시루' 케이크 시리즈와 극강의 가성비	시즌 케이크 조기 품절 및 예약 폭주	주말 및 공휴일 극악의 웨이팅	false	딸기시루에 딸기가 쏟아질 정도로 많이 들어있어서 돈이 아깝지 않아요|순수롤 크림이 전혀 느끼하지 않고 입에서 사르르 녹습니다|피낭시에도 쫀득하고 버터 풍미가 진해서 선물용으로 완벽해요	웨이팅이 너무 길어서 케이크 하나 사기 위해 1시간 이상 기다려야 하는 경우가 많습니다.	https://blog.naver.com/miho0911/224302275547|https://blog.naver.com/sooool0120/224261833022|https://blog.naver.com/miho0911	패션5|프리미엄 디저트|패션5가 한남동의 럭셔리하고 실험적인 고가 디저트라면, 케익부띠끄는 성심당의 가성비와 압도적인 재료의 양으로 승부하는 대중적 디저트	36.3275242	127.4267835
성심당 본점	대전 중구 대종로480번길 15	전국구 빵지순례 1번지. 압도적인 규모와 끊임없이 구워져 나오는 다채로운 빵들	튀김소보로, 보문산 메아리	수십 년 전통의 튀김소보로와 대중의 입맛을 사로잡는 엄청난 종류의 가성비 빵 라인업	인기 샌드위치류 및 고로케 품절 가능성	상시 긴 대기열 발생 (평일, 주말 무관)	false	보문산 메아리의 결이 너무 부드럽고 달콤해서 계속 들어갑니다|명란바게트는 짭짤하고 바삭해서 맥주 안주로 최고예요|빵 종류가 너무 많아서 갈 때마다 새로운 빵을 고르는 재미가 있습니다	튀김소보로는 다소 기름진 편이라 갓 나왔을 때 먹지 않으면 호불호가 갈릴 수 있습니다.	https://blog.naver.com/kimmy_1314|https://blog.naver.com/kimmy_1314/224268039715|https://blog.naver.com/ha2un0710	이성당|전국구 빵집|군산 이성당이 얇은 피의 단팥빵과 야채빵 등 전통적인 기본기에 충실하다면, 대전 성심당은 튀소부터 하드빵까지 끝없는 메뉴 베리에이션을 보여줌	36.3276671	127.4273419
몽심 한남대점	대전 대덕구 한남로38번길 28	대전 빵축제 어워즈 1위 수상에 빛나는 한남대학교 인근 구움과자 맛집	레몬 마들렌, 말차 마들렌	겉은 바삭하고 속은 촉촉/쫀득한 완벽한 식감의 마들렌과 한남대 본점 한정 메뉴	오후 이른 시간 인기 마들렌/휘낭시에 소진	주말 한남대 방문객 등 웨이팅 발생	false	레몬 마들렌 상큼함과 겉바속촉 식감이 대전 최고 수준입니다|말차 마들렌이 쌉싸름하면서도 달콤해서 너무 맛있어요|선물용 박스 포장이 예뻐서 답례품으로 자주 이용합니다	매장이 작고 테이크아웃 전문이라 안에서 빵을 먹으면서 쉬어갈 수 없습니다.	https://blog.naver.com/wlwjd4182|https://blog.naver.com/wlwjd4182/223988607359|https://blog.naver.com/travel_quokka/224259961655	윤슬제과|구움과자|윤슬제과가 묵직하고 좋은 재료 본연의 맛에 집중한 동네 구움과자라면, 몽심은 빵축제 1위에 빛나는 화려하고 다채로운 마들렌 라인업의 정점	36.3518586	127.4249444
몽심 대흥점	대전 중구 중교로 32	대전 대흥동 문화예술거리 인근 아늑한 분위기의 몽심 3호점	마들렌, 휘낭시에	본점의 퀄리티를 대흥동에서도 그대로 맛볼 수 있는 접근성 좋은 구움과자 성지	주말 오후 인기 메뉴 소진 가능성	평일은 원활, 주말 대기열 발생	false	대흥동에서도 몽심 마들렌을 살 수 있어서 접근성이 너무 좋습니다|휘낭시에가 쫀득하고 버터 풍미가 진해서 맛있어요|성심당 줄이 너무 길 때 대안으로 방문하기 완벽한 구움과자 맛집입니다	주차 공간이 마땅치 않아 주변 유료 공영주차장을 찾아 헤매야 하는 점이 단점입니다.	https://blog.naver.com/kimmy_1314|https://blog.naver.com/senji0123|https://blog.naver.com/senji0123/224216101259	몽심 한남대점|접근성 확장|본점인 한남대점이 대학가 특유의 분위기와 한정 메뉴를 갖췄다면, 대흥점은 시내 중심부에서 성심당 방문객의 발길을 사로잡는 접근성	36.3251371	127.4235616
하레하레 둔산점	대전 서구 둔산로 155	대전의 대표적인 대형 베이커리 중 하나. 2층 카페 공간에서 편안하게 취식 가능	쌀 하레치즈케이크, 명장 단팥빵	입에서 사르르 녹는 부드러운 쌀 치즈케이크와 명장의 기술이 담긴 퀄리티 높은 빵들	주말 쌀 하레치즈케이크 한정 수량 완판	주말 피크 타임 매장 내 혼잡	true	쌀 하레치즈케이크는 입에 넣자마자 녹아내릴 정도로 푹신하고 부드럽습니다|빵 종류가 성심당 못지않게 다양하고 전반적으로 퀄리티가 훌륭해요|2층에 카페 공간이 넓어서 빵 사서 바로 커피랑 먹고 가기 좋습니다	주말에는 2층 카페 자리를 잡기 매우 어렵고 주차장도 협소하여 혼잡합니다.	https://blog.naver.com/thebetter2019|https://blog.naver.com/kimeum715/224299912319|https://blog.naver.com/hihooho	성심당 본점|대전 대형 빵집|성심당이 튀소와 대중적인 가성비 빵으로 전국을 평정했다면, 하레하레는 명장의 디테일이 살아있는 부드러운 치즈케이크와 고급스러운 베이커리 카페	36.351457	127.3949666
자연도소금빵in 성수	서울 성동구 연무장길 56-1	성수동 핫플 거리에 위치한 테이크아웃 전용 소금빵 전문점	소금빵 (4개 세트)	키오스크 결제 후 픽업하는 시스템으로 회전율이 빠르며 겉바속촉의 정석을 보여줌	늦은 저녁 시간대 조기 마감	상시 긴 대기열 (회전율은 빠름)	false	버터 풍미가 엄청나고 바닥이 빠작빠작해서 정말 제 인생 소금빵입니다|포장이 예뻐서 성수동 나들이 기념 선물로 사가기 딱 좋아요|줄이 길어도 포장만 해서 그런지 금방금방 줄어들어서 살만합니다	단일 메뉴 4개 세트로만 팔아서 낱개로 가볍게 하나만 맛볼 수 없다는 점이 불만족스럽습니다.	https://blog.naver.com/checkin_travelog|https://blog.naver.com/gamemann/224216722011|https://blog.naver.com/uwon014	콜드버터베이크샵|소금빵 운영 방식|콜드버터베이크샵이 다양한 맛의 소금빵 라인업으로 기다림의 즐거움을 준다면, 자연도소금빵은 오직 한 가지 맛의 극한의 퀄리티와 회전율에 집중함	37.542326	127.0555087
뭉실베이커리	전북 전주시 완산구 서원로 289-6	전주 완산구 동네 주민들에게 사랑받는 작고 아담한 디저트 베이커리	말차 케이크, 초코 케이크	진하고 꾸덕한 크림과 촉촉한 시트가 어우러진 수제 케이크 및 디저트	주말 인기 케이크 및 구움과자류 소진	웨이팅 없음	false	말차 케이크가 쌉싸름하면서도 크림이 부드러워서 물리지 않고 다 먹었어요|초코 케이크 시트가 정말 촉촉하고 진해서 커피랑 잘 어울립니다|동네에 숨어있는 조용하고 맛있는 디저트 맛집이라 자주 갑니다	매장 규모가 작고 라인업이 고정적이지 않아 원하는 케이크가 없을 때가 종종 있습니다.	https://blog.naver.com/qottifrhdwn7|https://blog.naver.com/rookiehhhh|https://blog.naver.com/gjdudtod1346	리얼브레드|동네 빵집|동탄 리얼브레드가 담백한 하드 식사빵으로 동네 주민을 사로잡았다면, 전주 뭉실베이커리는 진한 크림의 수제 케이크로 동네 단골을 확보함	35.8120388	127.1262652
팡뮤제 베이커리 강남본점	서울 강남구 테헤란로8길 40	강남 테헤란로 한복판에 자리한 프리미엄 베이커리. (김포 대형 지점의 도심형 버전)	까눌레, 바스크 치즈케이크	직장인들의 커피 타임에 어울리는 고급스러운 구움과자와 달지 않은 디저트	직장인 점심시간 및 퇴근 시간대 주요 품목 소진	오피스 상권 특성상 점심시간 혼잡	false	까눌레가 겉은 빠작하고 속은 쫀득해서 강남역 근처 최고입니다|바스크 치즈케이크가 부드럽고 달지 않아서 아메리카노랑 찰떡궁합이에요|직장 동료들과 점심 먹고 가볍게 디저트 사러 가기 좋은 위치입니다	강남 한복판에 있어서 그런지 디저트 가격대가 전반적으로 비싸게 느껴집니다.	https://blog.naver.com/alal00424|https://blog.naver.com/daily-traveler/223919525287|https://blog.naver.com/bbbangblog	부부제과|구움과자|부부제과가 분당 야탑 주택가 골목의 아기자기하고 포근한 까눌레 맛집이라면, 팡뮤제 베이커리는 강남 빌딩 숲 직장인들을 겨냥한 세련되고 고급스러운 까눌레	37.496307	127.0321763
낸시베이크샵	전북 전주시 덕진구 가리내10길 8-5	전주 하가지구에 위치한 아기자기한 수제 베이커리. 동네 빵지순례 명소	단호박 크림치즈 깜빠뉴, 둥이빵	속재료가 아낌없이 들어간 묵직한 하드빵과 달콤담백한 부드러운 둥이빵	오픈 직후 인기 깜빠뉴류 빠른 소진	오픈런 및 캐치테이블 대기 발생	false	단호박 크림치즈 깜빠뉴는 묵직하고 재료가 쏟아져서 돈이 아깝지 않아요|둥이빵 흑임자맛이 고소하고 부드러워 어르신들도 좋아합니다|전주 현지인들이 오픈런하는 이유가 있는 숨은 빵 맛집입니다	테이크아웃 전용이라 안에서 먹고 갈 수 없고 주차가 불편합니다.	https://blog.naver.com/rookiehhhh|https://blog.naver.com/jin____ng/224303816443|https://blog.naver.com/rhdcks268	오월의종|속재료 가득한 깜빠뉴|오월의종이 무화과 호밀빵으로 이태원 대기를 이끈다면, 낸시베이크샵은 묵직한 단호박 크림치즈 깜빠뉴로 전주 하가지구를 사로잡음	35.8426363	127.1107685
디허케이크룸	경기 화성시 동탄역로 150	동탄역 롯데캐슬 상가에 위치한 트렌디하고 감성 넘치는 레터링 케이크 샵	레터링 케이크, 브라우니 케이크	귀엽고 디테일이 살아있는 커스텀 디자인과 진한 맛의 브라우니 시트	주말/기념일 주문 예약 마감 빠름	포장 픽업 위주라 대기열 없음	false	2주년 기념으로 주문했는데 디자인이 너무 예쁘고 디테일이 살아있어요|브라우니 케이크 시트가 꾸덕하고 초코 맛이 진해서 아주 맛있습니다|동탄역 롯데캐슬에 있어서 픽업하러 가기 접근성이 최고예요	맞춤형 케이크라 일반 빵집처럼 지나가다 가볍게 사 먹기는 어렵습니다.	https://blog.naver.com/miniii_i/223614784805|https://blog.naver.com/dher_cakeroom|https://blog.naver.com/hahyun0511/223598708988	터틀힙|레터링 케이크|홍대 터틀힙이 화려하고 팝한 감성의 레터링 케이크라면, 동탄 디허케이크룸은 귀엽고 아기자기한 감성의 맞춤형 브라우니 케이크	37.1993356	127.0965082
늘브레드	경기 화성시 동탄기흥로 585	동탄 영천동 힐스테이트 상가의 작지만 알찬 유럽식 빵 전문점	고르곤졸라 바게트, 바질 소금빵	프랑스 밀가루와 유기농 재료로 구워낸 겉바속촉 퀄리티 높은 유럽식 하드빵	저녁 시간 전 인기 바게트 및 소금빵 품절	대기열 없이 빠른 포장 가능	false	고르곤졸라 바게트의 풍미가 엄청나고 바삭함이 끝내줍니다|바질 소금빵의 버터향과 바질향의 조화가 아주 훌륭해요|동탄 테크노밸리 근처 베이커리 중에서 단연 만족도가 높습니다	규모가 작고 인기 빵의 생산량이 한정적이라 늦게 가면 살 수 없습니다.	https://blog.naver.com/mandu__-/223790342196|https://blog.naver.com/ye-rang-rang/224227093201|https://blog.naver.com/potato_916	폴앤폴리나|유럽식 바게트|폴앤폴리나가 극강의 부드러움을 가진 기본 바게트로 유명하다면, 늘브레드는 고르곤졸라 등 다양한 부재료를 활용한 유럽식 바게트	37.2124789	127.092176
더 브레드레지던스	서울 송파구 문정로 19	문정역 인근에 위치한 넓고 쾌적한 대형 베이커리 카페. 카공하기 좋은 분위기	포카치아, 두바이 쫀득 쿠키	엄청나게 다양한 종류의 빵과 화려한 라인업, 그리고 커피와 어울리는 디저트류	주말 오후 유행하는 쿠키/퀸아망 품절 잦음	넓은 매장이나 주말에는 만석 대기 발생	true	두바이 쫀득 쿠키 식감이 신기하고 너무 맛있어요|빵 종류가 워낙 많아서 올 때마다 새로운 빵 고르는 재미가 있습니다|매장이 넓고 쾌적해서 책 읽거나 노트북 작업하기 너무 좋은 환경입니다	대형 카페 특성상 주말에는 사람이 많아 다소 소란스러울 수 있습니다.	https://blog.naver.com/swih/224094221373|https://blog.naver.com/yemin1102|https://blog.naver.com/heest_/223907665253	나인블럭|다양한 빵과 넓은 공간|나인블럭이 교외의 거대한 공장형 베이커리 카페라면, 더 브레드레지던스는 문정동 도심 속에서 즐기는 넓은 공간과 다양한 빵 라인업	37.4863659	127.1247355
오프베이크룸	경기 성남시 중원구 제일로35번길 43	성남 모란역 골목 3층에 숨어있는 아기자기한 수제 구움과자 및 케이크 공방	스콘, 크럼블	다양한 라인업의 수제 디저트와 선물하기 좋은 귀여운 초/포장 서비스	배달 주문이 많아 오후 늦게 인기 품목 소진	대기열 없음 (테이크아웃 위주)	false	스콘이 퍽퍽하지 않고 버터 풍미가 진해서 라떼랑 아주 잘 어울립니다|크럼블 케이크 퀄리티가 좋고 재료 맛이 진하게 나요|귀여운 생일 초를 다양하게 팔아서 디저트 선물할 때 꼭 들릅니다	매장이 3층이고 안에서 먹을 공간이 없어 포장이나 배달로만 즐겨야 합니다.	https://blog.naver.com/lecos|https://blog.naver.com/betty9156/223475894559|https://blog.naver.com/hyysos/224189230980	카페 하이웨스트|스콘 및 케이크|하이웨스트가 연남동의 유럽 감성 가득한 스콘과 케이크 핫플이라면, 오프베이크룸은 모란역 골목의 포근하고 아기자기한 숨은 수제 디저트 공방	37.4317649	127.1323309
수향진베이커리카페	경기 화성시 동탄대로14길 11-1	동탄 신리천 카페거리에 위치한 여유로운 분위기의 베이커리 카페	소금빵	기본에 충실한 빵과 함께 신리천 산책 후 여유롭게 즐기기 좋은 카페	주말 오후 소금빵 등 인기 빵 매진 가능성	주말 오후 매장 내 좌석 혼잡	true	소금빵이 짭짤하고 고소해서 아이들도 아주 좋아합니다|신리천 산책하고 커피 한 잔 하면서 빵 먹기 딱 좋은 위치예요|매장 인테리어가 깔끔하고 쾌적해서 대화 나누기 편안합니다	뚜렷하고 파격적인 시그니처 빵이 부족해 특색 면에서 약간 평범하게 느껴질 수 있습니다.	https://blog.naver.com/matzip_no1/224163948118|https://blog.naver.com/nurinull|https://blog.naver.com/goroming22/224218281352	롤링핀|접근성 좋은 베이커리 카페|롤링핀이 도심 속 식빵 중심의 고급스러운 카페라면, 수향진은 신리천 산책로와 어우러진 동네 주민들의 편안한 베이커리 휴식처	37.1852807	127.1025629
디저트굽는 모카곰	경기 화성시 동탄대로 537	동탄 더퍼스트타워 1층 상가에 위치한 곰돌이 테마의 작고 귀여운 구움과자 전문점	에그타르트, 휘낭시에	곰돌이 모양의 포장과 극강의 바삭함을 자랑하는 파이 페스츄리 에그타르트	주변 직장인들의 간식 수요로 주요 타르트 조기 완판	대기열 없이 포장 가능	false	여기 에그타르트 파이지가 정말 바삭하고 필링은 푸딩처럼 사르르 녹아요|매장 이름처럼 곰돌이 포장이 너무 귀여워서 주변에 선물하기 좋아요|가격도 착한데 맛은 아주 훌륭해서 자주 방문하는 단골집입니다	테이크아웃 전문 매장이라 매장 내 취식이 불가합니다.	https://blog.naver.com/eksghqkr|https://blog.naver.com/readnreview|https://blog.naver.com/mallangmallang21	에그마카슈|에그타르트|에그마카슈가 홍대의 마카오식 클래식 에그타르트라면, 모카곰은 귀여운 패키징과 훌륭한 가성비로 직장인들의 피로를 풀어주는 힐링 에그타르트	37.2022262	127.097959
파브리케	서울 송파구 법원로11길 25	문정동. 목요일/금요일 등 제한된 영업일에만 문을 여는 빵켓팅 필수 오픈런 맛집	바게트, 플랑	이원일 셰프 등 방송에서도 파리보다 낫다고 극찬한 극강 퀄리티의 정통 빵	오픈 직후 1~2시간 내 대부분의 빵 전량 완판	영업일 오픈런 필수 (매우 긴 대기)	true	바게트가 겉은 엄청 빠작하고 속은 기공이 살아있어 쫄깃한 식감이 미쳤어요|플랑(바닐라 타르트)의 부드러움과 바닐라 풍미가 역대급입니다|방송에서 극찬할 만한 압도적인 맛이라 줄 서서 먹을 가치가 충분해요	일주일에 단 며칠만, 그것도 짧게 영업해서 직장인은 휴가를 내지 않으면 사 먹기 불가능에 가깝습니다.	https://blog.naver.com/liamin1003/224064891594|https://blog.naver.com/eunzzang128|https://blog.naver.com/seultories	폴앤폴리나|정통 바게트|폴앤폴리나가 꾸준한 품질의 대중적인 바게트를 상시 제공한다면, 파브리케는 한정된 시간에만 선보이는 방송 인증 극한의 장인정신 바게트	37.4847725	127.1160614
졸리파이마켓	서울 마포구 망원로10길 16	망원시장 인근. 5성급 호텔 셰프 출신이 운영하는 트렌디한 수제 파이 전문점	에그 플랑, 수비드 폴드포크 파이	바닐라빈이 듬뿍 들어간 플랑과 독창적인 고기 필링이 들어간 다채로운 파이 라인업	주말 망원동 방문객으로 인기 파이 매진	포장 손님 위주 약간의 대기	false	에그 플랑에 바닐라 빈이 아낌없이 들어가서 고급스러운 맛이 납니다|폴드포크 파이는 식사 대용으로도 훌륭하고 맥주랑도 잘 어울려요|망원시장 구경하고 디저트로 사가기 완벽한 포장 패키징입니다	파이 크기에 비해 가격대가 다소 높게 책정되어 있어 가성비는 떨어집니다.	https://blog.naver.com/flora82-|https://blog.naver.com/halel1226/224224106723|https://blog.naver.com/honeymid/224301756191	꼬르동|수제 파이|꼬르동이 연남동에서 프랑스식 정통 미트파이의 진수를 보여준다면, 졸리파이마켓은 호텔 셰프의 터치가 가미된 트렌디한 에그 플랑과 이색 파이	37.5569775	126.9070705
밀로밀	서울 마포구 희우정로10길 9	망원동 빵지순례 필수 코스. 매일 오픈런 줄이 생기는 극강의 소금빵 전문점	바게트 소금빵, 소금 버터빵	빠작빠작한 바게트 식감의 소금빵과 버터 풍미 가득한 부드러운 소금빵의 두 가지 매력	인기 시간대 소금빵 전량 소진 및 조기 마감 잦음	오픈 전부터 현장 웨이팅 필수 (대기 줄 긺)	false	바게트 소금빵의 빠작한 식감과 짭짤함이 역대급으로 맛있습니다|버터 동굴이 뻥 뚫려있고 버터 풍미가 엄청나게 진해요|망원동 갈 때마다 무조건 오픈런해서 쟁여오는 인생 소금빵 집입니다	빵을 사기 위한 현장 웨이팅이 너무 길어 인내심이 필요합니다.	https://blog.naver.com/bonita9988|https://blog.naver.com/arimiii_/224293575060|https://blog.naver.com/cara10260	자연도소금빵|소금빵 명가|성수 자연도소금빵이 4개 세트 단일 품목의 부드러움으로 승부한다면, 망원 밀로밀은 바게트 식감과 부드러운 식감을 선택할 수 있는 극강의 버터 풍미	37.5528994	126.9045357
샛별제과	서울 노원구 상계로1길 14-29	노원역 인근. 생활의 달인 다쿠아즈 달인으로 유명한 디저트 카페 (이전 오픈)	다쿠아즈, 생크림 케이크	과일이 듬뿍 들어간 부드러운 생크림 조각 케이크와 달지 않고 고소한 다쿠아즈	인기 조각 케이크 및 다쿠아즈 오후 이른 시간 품절	홀케이크 예약 필수, 현장 포장 대기 있음	false	생크림 케이크 시트가 너무 푹신하고 생크림에서 깊은 우유 맛이 납니다|다쿠아즈가 겉은 파삭하고 속은 쫀득하면서 달지 않아 물리지 않아요|과일이 아낌없이 큼직하게 들어있어 돈이 아깝지 않은 케이크입니다	매장이 2층이라 찾기 다소 어렵고 주차 공간이 없어 대중교통을 이용해야 합니다.	https://blog.naver.com/dwiches/223537295064|https://blog.naver.com/gjskrj/224159494626|https://blog.naver.com/lucerodelalba/224167513923	딸기골|딸기 디저트|신촌 딸기골이 대학가 특유의 가성비 넘치는 클래식 딸기 디저트라면, 노원 샛별제과는 달인의 비법이 담긴 고급스러운 다쿠아즈와 생크림 케이크	37.6573394	127.0621292
플라워아티장베이커리 문정	서울 송파구 법원로 114	문정역 엠스테이트 지하 1층. 르빵 바게트 챔피언십 1등 수상에 빛나는 바게트 맛집	바게트, 초코 바게트	겉은 바삭하고 속은 촉촉한 바게트 챔피언의 품격과 다양한 하드빵 라인업	퇴근 시간대 직장인 방문으로 인기 빵 매진	점심 시간 직장인들로 인한 매장 혼잡	true	챔피언 바게트답게 겉바속촉 식감이 완벽하고 씹을수록 구수합니다|초코 바게트도 달지 않고 초코칩이 가득 박혀 있어서 계속 들어가요|문정동 직장인들이 점심시간에 방앗간처럼 들르는 진짜 빵 맛집입니다	지하 상가에 위치하여 처음 방문 시 길을 잃거나 매장을 찾기 어려울 수 있습니다.	https://blog.naver.com/gch01132/224306125295|https://blog.naver.com/puput122/224293931482|https://blog.naver.com/geumbo_s/224296269597	폴앤폴리나|바게트 챔피언|폴앤폴리나가 수요미식회 등 방송으로 검증된 부드러운 하드빵 명가라면, 플라워아티장은 공식 바게트 챔피언십 1위가 보증하는 궁극의 겉바속촉	37.4860552	127.1210093
플라워아티장베이커리 신사	서울 강남구 압구정로2길 45	가로수길 인근. 문정 본점의 바게트 명성을 잇는 감각적이고 따뜻한 인테리어의 지점	크림브륄레 브리오슈, 1등 바게트	챔피언 바게트와 함께 가로수길 감성에 맞춘 화려한 크림브륄레 브리오슈와 비건 옵션	주말 오후 가로수길 방문객으로 주요 빵 품절	쾌적하고 넓은 매장이나 주말 만석 잦음	true	바게트는 명불허전이고 크림브륄레 브리오슈 크림이 너무 달콤하고 부드럽습니다|매장이 넓고 인테리어가 예뻐서 데이트 코스나 모임 장소로 제격이에요|가로수길에서 이 정도 퀄리티의 빵과 커피를 편하게 먹을 수 있어 좋습니다	가로수길 물가가 반영되어 빵과 음료 가격이 다소 비싸게 느껴집니다.	https://blog.naver.com/note_tjs/224281751656|https://blog.naver.com/sthgrey|https://blog.naver.com/won3196	바게트K|정통 바게트와 달콤한 크림빵|역삼 바게트K가 바게트와 바나나 푸딩의 극강 조합을 보여준다면, 가로수길 플라워베이커리는 1등 바게트와 크림브륄레 브리오슈의 세련된 조화	37.5189603	127.0210534
아나브	경기 화성시 동탄순환대로10길 20	동탄 주택가 골목에 위치한 아기자기하고 조용한 로컬 구움과자 전문점	휘낭시에, 마들렌	기본에 충실한 재료로 구워낸 담백하고 포근한 맛의 동네 주민 단골 빵집	매일 소량 생산하여 늦은 오후 매진 잦음	대기열 없이 조용한 이용 가능	false	휘낭시에가 버터 풍미가 진하고 많이 달지 않아서 간식으로 너무 좋아요|사장님이 친절하시고 동네 산책하다 들러서 빵 사기 딱 좋은 아늑한 곳입니다|커피와 함께 마들렌을 먹으면 하루의 피로가 풀리는 느낌이에요	눈에 띄는 화려한 빵이나 시그니처 메뉴가 부족하여 멀리서 찾아올 정도는 아닙니다.	https://blog.naver.com/zhsj2323/224050051591|https://blog.naver.com/j_jdaily/224293354985|https://blog.naver.com/kangpoorun/223520051029	부부제과|동네 구움과자 맛집|분당 부부제과가 야탑동 골목에서 부부가 굽는 까눌레 맛집이라면, 동탄 아나브는 동탄 주택가에서 소박하게 즐기는 휘낭시에 단골집	37.1674867	127.1193682
쿠다산도	경기 화성시 지산2길 34-2	동탄 영천동 골목. 제철 과일과 100% 우리쌀 휘낭시에를 주력으로 하는 과일 산도 전문점	후르츠 산도, 쌀 휘낭시에	동물성 생크림과 달콤한 제철 과일이 듬뿍 들어간 시각과 미각을 사로잡는 디저트	과일 산도는 수량이 적어 조기 품절, 예약 필수	대기열 없이 픽업/포장 가능	false	생크림이 느끼하지 않고 우유 맛이 진해서 과일의 상큼함과 완벽한 조화를 이룹니다|우리쌀로 만든 휘낭시에라 식감이 더 쫀쫀하고 건강한 느낌이에요|포장이 깔끔해서 답례품이나 선물용으로 준비하기 너무 좋습니다	테이크아웃 전문이라 매장 내 취식이 불가하며 주차장이 협소합니다.	https://blog.naver.com/kimjy7152/224227467510|https://blog.naver.com/today-p20|https://blog.naver.com/yungyu0118	문화시민|과일 디저트|천안 문화시민이 코스로 즐기는 고급스러운 구움과자 파인다이닝이라면, 쿠다산도는 직관적이고 상큼한 제철 후르츠 산도로 승부하는 포장 전문점	37.2055751	127.1153415
아쌍트베이커리 동탄점	경기 화성시 지산2길 4-15	동탄 영천동 주택가에 위치한 동네 주민들의 아지트 같은 빵집	바게트, 크로아상	편안하게 들러 데일리로 즐기기 좋은 기본에 충실한 동네 빵 라인업	오후 늦은 시간 인기 품목 소진 가능성	웨이팅 없음	false	영천동에서 가볍게 빵 사먹기 좋고 인테리어도 예뻐요|뚜레쥬르 뒤쪽에 숨겨져 있어서 동네 단골들만 아는 아지트 같습니다|빵들이 전체적으로 담백하고 부드러워 아이들 간식으로 좋습니다	눈에 띄는 화려한 시그니처 메뉴나 멀리서 찾아올 만한 강력한 개성은 부족합니다.	https://blog.naver.com/z_dkssud|https://blog.naver.com/simb2631|https://blog.naver.com/butter_bunny	리얼브레드|로컬 동네 빵집|동탄 리얼브레드가 담백한 하드 식사빵 전문이라면, 아쌍트베이커리는 동네 주민들이 부담 없이 즐기는 친근하고 편안한 데일리 빵집	37.2057972	127.1122603
아이엠브래드 본점	경기 화성시 동탄순환대로 706	동탄 영천동 11자 상가의 파란색 외관이 돋보이는 홈메이드 방식의 베이커리	딸기 케이크, 올리브 치아바타	상큼하고 가벼운 생크림의 딸기 케이크와 속재료가 살아있는 발효 식사빵	시즌 딸기 케이크 등 주요 케이크류 빠른 소진, 사전 예약 권장	테이크아웃 위주 원활	false	딸기 케이크 크림이 전혀 느끼하지 않고 상큼해서 한 판을 다 먹었어요|올리브 치아바타가 쫄깃하고 올리브가 콕콕 박혀 있어 식사 대용으로 아주 좋습니다|파란색 외관이 예뻐서 지나가다 홀린 듯이 들어가게 되는 동네 맛집이에요	규모가 작아 매장 내 취식 공간이 없고 주요 빵들이 오후 일찍 품절됩니다.	https://blog.naver.com/okimina80/223806920778|https://blog.naver.com/choco_n_daldal|https://blog.naver.com/yujunmom0210	디허케이크룸|케이크 중심의 베이커리|동탄 디허케이크룸이 귀엽고 트렌디한 맞춤형 레터링 케이크라면, 아이엠브래드는 과일의 신선함과 부드러운 생크림에 집중한 클래식 딸기 케이크	37.2077941	127.1104938
투아투아	서울 강남구 압구정로48길 34	압구정 로데오의 프랑스 남부 감성 가득한 천연 발효 식사빵 전문점	어니언 스프, 사워도우	시큼하고 매력적인 천연발효종 사워도우와 진한 치즈 풍미의 어니언 스프의 조화	주말 식사 시간대 매장 만석 및 주요 빵 완판	캐치테이블 없는 수기 웨이팅 노트 (대기 발생)	true	어니언 스프가 파리에서 먹던 것보다 훨씬 진하고 맛있어요|프랑스 시골 마을에 온 것 같은 감성적인 인테리어라 사진이 정말 잘 나옵니다|사워도우의 산미가 너무 매력적이고 식사빵으로 손색이 없습니다	발렛 파킹이 가능하지만 주말 압구정 로데오 특성상 진입 자체가 매우 혼잡합니다.	https://blog.naver.com/universe_galaxy/224258025595|https://blog.naver.com/rlatjswn09|https://blog.naver.com/p_ss2/224115603312	밀도|식사빵의 접근법|성수 밀도가 부드럽고 촉촉한 탕종 식빵으로 대중적인 식사빵을 지향한다면, 압구정 투아투아는 산미 있는 천연발효종과 어니언 스프로 풀어낸 정통 유럽식 식사빵	37.526361	127.0368313
콩지니빵	부산 중구 중앙대로 153	부산역 인근 대로변에 위치한 소박하고 정겨운 동네 빵집	단팥빵, 소보로빵	화려함보다는 익숙하고 달콤한 맛으로 승부하는 옛날 스타일의 간식빵	대량 구매로 인한 일부 빵 소진 가능성	웨이팅 없음	false	부산역 근처에서 기차 타기 전에 가볍게 간식으로 사기 좋은 빵집입니다|어릴 때 먹던 달콤한 단팥빵 맛 그대로라 추억이 돋아요|가격이 저렴해서 여러 개 집어도 부담이 없습니다	요즘 유행하는 트렌디한 하드빵이나 화려한 디저트를 기대하기는 어렵습니다.	https://blog.naver.com/panderca/224237161104|https://blog.naver.com/panderca|https://blog.naver.com/jin7044858/224232288268	백구당|부산의 옛날 빵집|부산 백구당이 크로이즌 등 시그니처 빵을 갖춘 부산 최고(最古)의 빵집이라면, 콩지니빵은 기차 여행 전 가볍게 들르기 좋은 친숙한 동네 빵집	35.1112055	129.0376381
조각달과자점	경기 화성시 동탄순환대로3길 28-26	동탄에서 가장 유명한 소금빵 성지 중 하나. 생활의 달인 방영 맛집	초코 소금빵, 명란대파 소금빵	바스락거리는 극강의 겉바속쫀 식감과 다채로운 소금빵 베리에이션	주말 오후 인기 소금빵 라인업 조기 매진	이전 후 매장 넓어져 쾌적하나 주말 피크 타임 대기 발생	true	여기 소금빵은 겉이 정말 빠작하고 속은 버터 동굴이 완벽하게 뚫려있어요|명란대파 소금빵은 짭짤하고 향긋해서 맥주 안주로도 완벽합니다|매장을 확장 이전해서 공간도 쾌적하고 빵 먹고 가기 너무 좋아졌어요	소금빵으로 유명해져서인지 다른 구움과자 라인업은 상대적으로 존재감이 약합니다.	https://blog.naver.com/upilog/224281422714|https://blog.naver.com/dbwltnr1|https://blog.naver.com/julee723/224287671216	자연도소금빵|소금빵 전문점|성수 자연도소금빵이 단일 메뉴로 극강의 회전율과 부드러움을 추구한다면, 조각달과자점은 명란대파 등 다채로운 맛의 베리에이션과 빠작한 식감	37.1673024	127.0942199
컴인디저트	경기 오산시 운천로 147	오산 운천로에 자리 잡은 조용하고 깔끔한 디저트 카페	휘낭시에, 마카롱	커피와 함께 가볍게 즐기기 좋은 깔끔한 구움과자와 디저트	오후 늦은 시간 일부 구움과자 소진	웨이팅 없음	true	오산에서 조용하게 커피 한 잔 하면서 디저트 먹기 좋은 카페입니다|휘낭시에가 많이 달지 않고 겉이 쫀쫀해서 커피랑 찰떡이에요|매장이 깔끔해서 친구들과 대화 나누기 편안한 공간입니다	대형 베이커리 카페나 핫플에 비해 메뉴의 다양성이나 화제성은 다소 떨어집니다.	https://blog.naver.com/8150losnah/223735641403|https://blog.naver.com/loveppp1010/223747936213|https://blog.naver.com/creme1115/224007658902	명장시대 오산점|오산 지역 디저트|오산 명장시대가 거대한 규모와 압도적인 빵 종류로 승부하는 외곽 카페라면, 컴인디저트는 도심 속에서 가볍게 커피와 즐기는 소박한 구움과자	37.1557226	127.075426
두두리두팡 망원본점	서울 마포구 월드컵로23길 19	망원동의 100% 비건, 글루텐프리, 너츠프리 디저트 성지	뚜눌레, 두먹케	속세의 맛을 완벽히 재현한 비건 까눌레와 건강한 떠먹는 갸또 케이크	주말 인기 비건 케이크 조기 품절	대체로 원활하나 주말 약간의 대기	false	비건 디저트라고 믿기 어려울 정도로 식감과 맛이 속세 디저트와 흡사합니다|뚜눌레(까눌레)가 겉바속촉 제대로라 밀가루 없이 이런 맛이 난다는 게 신기해요|알레르기 걱정 없이 맘 편히 케이크를 퍼먹을 수 있어서 너무 행복합니다	건강한 대체 식재료를 사용하다 보니 일반 디저트에 비해 가격대가 다소 높게 책정되어 있습니다.	https://blog.naver.com/btd1605/224179996228|https://blog.naver.com/btd1605|https://blog.naver.com/kdw12324	라미스콘|비건 및 글루텐프리 디저트|샤로수길 라미스콘이 비건 스콘과 화려한 수플레로 승부한다면, 망원 두두리두팡은 떠먹는 케이크와 비건 까눌레로 건강한 속세의 맛을 구현	37.5569339	126.9078764
에낭 잠실	서울 송파구 오금로18길 14	울산에서 시작해 잠실까지 점령한 아담한 에그타르트 및 구움과자 맛집	에그타르트, 휘낭시에	파이지의 극강의 바삭함과 푸딩 같은 필링이 어우러진 완벽한 에그타르트	늦은 오후 구움과자류 빠른 소진	매장이 협소하여 포장 대기 약간 발생	false	에그타르트 파이지가 페스츄리처럼 겹겹이 살아있어서 정말 맛있습니다|휘낭시에 종류가 다양하고 쫀득한 식감이 일품이에요|잠실 송리단길 산책하다가 가볍게 들러서 당 충전하기 완벽한 곳입니다	매장이 매우 작아 안에서 취식하기 어렵고 제품 소진이 빠른 편입니다.	https://blog.naver.com/jindojihee0822/223129994358	파브리케|구움과자 및 타르트|문정 파브리케가 극악의 오픈런과 바닐라 플랑의 묵직함을 보여준다면, 에낭은 접근성 좋은 송리단길에서 극강의 바삭함을 자랑하는 에그타르트	37.5097873	127.1103226
하프파운드	서울 송파구 백제고분로33길 10	석촌고분역 주택가 2층에 숨겨진 르꼬르동블루 출신 파티시에의 감성 아지트	계절과일 케이크, 황치즈 갸또	제철 과일의 신선함과 황치즈의 꾸덕함을 넘나드는 퀄리티 높은 수제 디저트	주말 오후 인기 케이크 조기 품절, 시즌 메뉴 마감 빠름	주말 오후 좌석 만석 대기	true	황치즈 갸또의 꾸덕함과 단짠 조합이 정말 미쳐서 치즈 덕후에게 최고입니다|계절마다 바뀌는 과일 타르트와 케이크 라인업 덕분에 매 시즌 방문하게 돼요|조용한 주택가 2층이라 나만의 아지트를 발견한 것 같은 포근한 카페입니다	2층이라 눈에 띄지 않고 계단을 올라가야 해서 유모차 등 접근성이 떨어집니다.	https://blog.naver.com/hyebling47|https://blog.naver.com/hyebling47/224014151345|https://blog.naver.com/oyg98/223964404242	디허케이크룸|수제 디저트 카페|동탄 디허케이크룸이 주문 제작 중심의 레터링 케이크라면, 송파 하프파운드는 제철 재료와 황치즈 등 다채로운 라인업의 프리미엄 디저트 카페	37.5035014	127.0988918
동명 양과자점	서울 마포구 성미산로17길 3	초대형 호떡 사이즈 쿠키와 꾸덕한 빵피로 팝업스토어를 휩쓸고 있는 디저트 강자	크림치즈 쿠키, 쫀득빵	겉은 바삭하고 속은 꾸덕한 크림치즈로 꽉 찬 압도적인 사이즈와 중량감의 쿠키	백화점 팝업 등에서 빠른 매진 기록	팝업 스토어 입점 시 긴 웨이팅 발생	false	쿠키 하나가 호떡만큼 크고 묵직해서 반 개만 먹어도 포만감이 엄청납니다|빵피가 정말 쫀득하고 속의 크림치즈와 조화가 끝내줘서 빵순이들의 성지입니다|냉동실에 얼려 먹으면 꾸덕함이 배가 되어서 더 맛있게 즐길 수 있어요	팝업스토어 위주로 운영되거나 위치가 변경되어 오프라인 상설 매장을 찾아가기 다소 까다롭습니다.	https://blog.naver.com/yboramy|https://blog.naver.com/tmdgns13222|https://blog.naver.com/yboramy/223962312936	어글리베이커리|압도적인 크림의 양|망원 어글리베이커리가 거대한 크림빵과 대파빵으로 묵직함을 자랑한다면, 동명양과자점은 압도적인 크기와 꾸덕함을 가진 초대형 크림치즈 쿠키	37.5617442	126.9182129
후와후와	서울 마포구 월드컵로13길 79	망원동 빵지순례 필수. 몽글몽글하고 쫀득한 빵과 터질듯한 크림의 환상 조화	쫀득빵, 피스타치오 딸기샌드	이름처럼 폭신하고 쫀득한 빵피에 창의적이고 풍성한 필링이 가득한 베이커리	인기 샌드류 및 쫀득빵 전량 오픈 직후 빠른 매진	오픈 전부터 캐치테이블 웨이팅 및 현장 대기 극심	false	피스타치오 딸기샌드는 고소한 피스타치오 크림과 상큼한 딸기가 미친 조합입니다|쫀득빵의 빵피가 진짜 찹쌀떡처럼 쫀득하고 필링이 꽉 차 있어서 묵직해요|라인업이 매일 바뀌어서 인스타 공지 보고 갈 때마다 새롭고 설렙니다	캐치테이블 웨이팅이 너무 치열해서 늦게 가면 원하는 빵을 구하기가 하늘의 별 따기입니다.	https://blog.naver.com/say0y/224265994559|https://blog.naver.com/syp9/224181230710|https://blog.naver.com/sally4917/224263289282	밀로밀|망원동 인기 빵집|망원 밀로밀이 바게트 식감의 극강 버터 풍미 소금빵에 집중한다면, 망원 후와후와는 쫀득한 빵피와 터질듯한 다채로운 크림 샌드로 빵순이들을 열광시킴	37.5549712	126.9059034
어글리베이커리	서울 마포구 월드컵로13길 73	망원동 빵지순례의 대명사. 투박하지만 묵직하고 속재료가 넘쳐나는 빵의 성지	감동의 대파빵, 뽀또 맘모스	부재료를 터질 듯이 쏟아부은 맘모스빵과 특유의 감칠맛이 폭발하는 대파빵	맘모스빵 등 주요 시그니처 빵 오후 매진 잦음	상시 긴 현장 웨이팅 (망원동 최고 수준)	false	감동의 대파빵은 대파향과 크림치즈, 마늘 소스의 조화가 완벽해서 계속 생각나요|뽀또 맘모스빵은 묵직함이 남다르고 부재료가 꽉 차 있어서 식사 대용으로도 충분합니다|줄이 길어도 막상 빵 한 입 먹어보면 웨이팅한 보람이 느껴지는 확실한 맛입니다	웨이팅이 너무 길고 협소한 매장에서 빠르게 골라야 해 서비스 측면에서 다소 아쉬움을 느끼는 후기가 있습니다.	https://blog.naver.com/jung11271|https://blog.naver.com/luna_26_|https://blog.naver.com/jung11271/224287468321	투아투아|독창적인 조리빵|압구정 투아투아가 어니언 스프와 사워도우로 정제된 유럽식 빵앗간을 보여준다면, 망원 어글리베이커리는 대파와 크림치즈를 때려 넣은 투박하고 강렬한 K-빵앗간	37.5550335	126.9060383
더베이베이커리	부산 수영구 수영로510번길 30	부산 수영구의 빵지순례 핫플. 쫄깃한 식감 매니아들을 위한 모찌빵 명가	모찌빵, 맘모스빵	마치 떡을 먹는 듯한 극강의 쫄깃한 빵피와 묵직하고 달콤한 필링의 완벽한 밸런스	인기 모찌빵 라인업 조기 마감	캐치테이블 웨이팅 필수 (오픈런 다수)	false	모찌빵 빵피가 얇고 진짜 떡처럼 쫄깃해서 식감이 너무너무 재밌고 맛있습니다|맘모스빵 안에 들어간 부재료가 실해서 하나만 먹어도 엄청 든든해요|부산 여행 가면 무조건 캐치테이블 예약해서 털어와야 하는 빵지순례 필수 코스입니다	매장이 협소하여 대기하기 불편하며, 당도나 떡 같은 식감에 호불호가 갈릴 수 있습니다.	https://blog.naver.com/hansol7030|https://blog.naver.com/apprk|https://blog.naver.com/wlduddl4782	희와제과|부산 빵지순례|부산 희와제과가 팥과 밤을 꽉 채운 얇은 피의 묵직한 밤팥빵으로 유명하다면, 더베이베이커리는 떡처럼 쫄깃한 빵피의 모찌빵으로 새로운 식감 트렌드를 이끎	35.1509114	129.1129786
희와제과	부산 부산진구 전포대로246번길 6	부산 서면/전포 최고의 빵지순례 성지. 빵피는 거들 뿐, 속재료의 끝판왕	밤팥빵, 비스킷	통밤과 팥 앙금이 빵피가 찢어질 정도로 꽉 찬 압도적인 비주얼과 무게감의 팥빵	빵 나오는 시간에 맞춰 줄 서지 않으면 즉시 매진 (인당 구매 제한 있음)	오픈 전부터 극심한 웨이팅 (부산 최고 수준)	false	밤팥빵은 빵이라기보다 맛있는 팥 앙금과 통밤을 얇은 피로 감싼 묵직한 디저트 같아요|비스킷류도 겉바속촉 훌륭하고 전체적으로 재료를 아끼지 않은 티가 팍팍 납니다|웨이팅이 너무 길지만 한 입 먹어보면 달지 않고 깊은 맛이라 또 줄 서게 됩니다	가게가 좁고 대기열이 너무 길어 구매 과정이 험난하며 빵 나오는 시간에 맞추지 않으면 헛걸음하기 십상입니다.	https://blog.naver.com/konangirl/224303418575|https://blog.naver.com/kanggd0128/224288389781|https://blog.naver.com/yozm_log	성심당 본점|지역 대표 빵집|대전 성심당이 압도적인 종류와 가성비로 지역 빵집을 평정했다면, 부산 희와제과는 밤팥빵이라는 단일 품목의 극한의 속재료 퀄리티로 부산 빵지순례 1위를 차지함	35.1583306	129.0656694
르빵 송파점	서울 송파구 백제고분로41길 12	송파의 자랑. 예약 없이는 먹기 힘들다는 묵직한 공주 통밤식빵과 딸기 케이크 명가	공주 통밤식빵, 통딸기 생크림 케이크	아낌없이 때려 넣은 공주 통밤의 압도적인 단맛과 훌륭한 밸런스의 생크림 케이크	밤식빵 매일 한정 수량 생산으로 순식간에 매진 (예약 필수)	특정 빵 나오는 시간대 예약자 픽업 위주 대기	false	밤식빵을 반으로 가르면 빵보다 밤이 더 많이 쏟아져 나와서 돈이 전혀 아깝지 않아요|딸기 생크림 케이크는 크림이 너무 고급스럽고 딸기가 싱싱해서 연말 파티용으로 최고입니다|매장이 리뉴얼되어서 깔끔하고 고급스러운 느낌이 들어 좋아요	현장 구매가 거의 불가능할 정도로 인기가 많아 사전 예약 전쟁을 치러야 합니다.		플라워아티장베이커리 문정|송파 베이커리 챔피언|문정 플라워아티장이 겉바속촉의 챔피언 바게트를 선보인다면, 르빵 송파점은 묵직한 통밤식빵과 과일 케이크로 송파구 빵순이들의 예약 전쟁을 부름	37.5072342	127.1081459
덕선제과	부산 부산진구 망양로 947-1	범천동의 작고 따뜻한 응답하라 1988 감성의 수제 팥빵 맛집	수제 팥빵떡, 무화과 휘낭시에	직접 쑨 묵직하고 달지 않은 수제 팥소와 통통한 구움과자류	오후 늦은 시간 인기 구움과자 및 팥빵 매진	매장이 협소하여 포장 대기 약간 발생	false	수제 팥빵떡 안에 팥이 엄청 묵직하고 밤이 듬뿍 들어있어서 든든해요|무화과 휘낭시에가 겉바속쫀하고 무화과가 톡톡 씹혀서 맛있습니다|가게 이름처럼 옛날 감성이 묻어나는 따뜻한 공간이라 정겹습니다	매장이 2층이고 계단이 가파르며 취식 공간이 거의 없어 불편할 수 있습니다.	https://blog.naver.com/boooooooos2|https://blog.naver.com/kimjy7152/224054982522|https://blog.naver.com/girl0419797	희와제과|수제 팥빵|부산 희와제과가 얇은 피와 터질듯한 통밤 팥앙금의 거대한 스케일이라면, 덕선제과는 정겹고 소박한 감성의 묵직한 수제 팥빵떡	35.1422276	129.0528101
초량온당	부산 동구 초량중로 135	부산 빵지순례 필수 코스. 황치즈와 크럼블, 맘모스빵의 화려한 변주	맘모스빵(맘모롱), 황치즈 크럼블	원물 맛이 진하게 느껴지는 빵빵한 크림과 쫄깃한 빵피, 다채로운 황치즈 라인업	오픈 직후 인기 맘모스빵 및 크럼블 전량 매진 잦음	오픈 전 웨이팅 및 테이블링 원격 줄서기 필수	false	맘모롱 안에 부재료가 정말 미친 듯이 꽉 차 있어서 묵직함의 끝판왕입니다|황치즈 크럼블은 단짠단짠의 정석이라 치즈 덕후라면 무조건 먹어야 해요|빵피가 얇고 쫄깃해서 빵빵한 크림과 완벽한 조화를 이룹니다	극악의 웨이팅과 빠른 소진으로 인해 원하는 빵을 사기가 매우 어렵고 주차가 불편합니다.	https://blog.naver.com/uwon014|https://blog.naver.com/rocky303/224288124258|https://blog.naver.com/dms6018	어글리베이커리|맘모스빵과 황치즈|망원 어글리베이커리가 대파빵과 맘모스빵으로 서울을 제패했다면, 초량온당은 황치즈 라인업과 맘모롱으로 부산을 평정한 디저트 강자	35.1234296	129.0415503
하츠베이커리	서울 송파구 중대로 210	오금역 인근 대형 베이커리 카페. 당도 선택이 가능한 공주밤팥빵의 명가	공주밤팥빵, 산딸기 바게트	팥 앙금의 당도를 30%, 70%로 선택할 수 있는 건강한 단맛과 알찬 공주밤	오후 늦은 시간 시그니처 팥빵 및 바게트 완판	대형 카페로 좌석 여유로우나 주말 피크 타임 혼잡	true	팥 당도를 30%로 선택할 수 있어서 어른들 입맛에도 딱 맞고 공주밤이 튼실해요|빵 피가 쫀득하고 밀가루 냄새가 나지 않아 속이 편안합니다|건물이 통째로 카페라 매장이 넓고 쾌적해서 모임하기 너무 좋습니다	규모가 커서 층간 이동 시 주문한 음료를 들고 이동하기 다소 불편합니다.	https://blog.naver.com/tndls15981|https://blog.naver.com/nyanyamuknya|https://blog.naver.com/sjjy__	이성당|단팥빵 명가|군산 이성당이 쌀가루로 만든 얇은 피의 클래식 단팥빵이라면, 송파 하츠베이커리는 당도 조절이 가능한 트렌디하고 묵직한 공주밤팥빵	37.5004665	127.1271165
